GrNr;TrialNr;ParticipantNr;EMO;SIG;SYNCIX
1;1;1;-1;0.12;0.98
1;1;2;-1;0.02;0.95
1;1;3;-1;0.05;0.99
1;1;4;0;0.15;0.93
1;2;1;-1;0.01;0.98
1;2;2;-1;0.02;0.98
1;2;3;-1;0.01;0.99
1;2;4;1;0.03;0.97
1;3;1;-1;0.01;0.97
1;3;2;-1;0.01;0.98
1;3;3;0;0.01;0.98
1;3;4;-1;0.01;0.98
1;4;1;-1;0.04;0.98
1;4;2;-1;0.02;0.98
1;4;3;0;0.01;0.96
1;4;4;1;0.02;0.99
1;5;1;-1;0.01;0.98
1;5;2;-1;0.01;0.98
1;5;3;1;0.01;0.98
1;5;4;-1;0.01;0.99
1;6;1;-1;0.02;0.99
1;6;2;-1;0.02;0.99
1;6;3;1;0.02;0.99
1;6;4;0;0.04;0.98
1;7;1;-1;0.01;0.98
1;7;2;0;0.01;0.98
1;7;3;-1;0.01;0.96
1;7;4;0;0.06;0.94
1;8;1;-1;0.04;0.93
1;8;2;0;0.02;0.98
1;8;3;-1;0.04;0.98
1;8;4;1;0.09;0.93
1;9;1;-1;0.01;0.99
1;9;2;0;0;0.98
1;9;3;0;0.01;0.99
1;9;4;-1;0.01;0.98
1;10;1;-1;0.1;0.97
1;10;2;0;0.1;0.95
1;10;3;0;0.13;0.97
1;10;4;1;0.45;0.42
1;11;1;-1;0.13;0.93
1;11;2;0;0.16;0.96
1;11;3;1;0.14;0.89
1;11;4;-1;0.56;0.19
1;12;1;-1;0.16;0.97
1;12;2;0;0.09;0.97
1;12;3;1;0.08;0.85
1;12;4;0;0.09;0.82
1;13;1;-1;0.11;0.93
1;13;2;1;0.15;0.94
1;13;3;-1;0.05;0.85
1;13;4;0;0.56;0.12
1;14;1;-1;0.03;0.98
1;14;2;1;0.03;0.99
1;14;3;-1;0.06;0.93
1;14;4;1;0.03;0.94
1;15;1;-1;0;0.98
1;15;2;1;0.01;0.98
1;15;3;0;0.02;0.97
1;15;4;-1;0.02;0.98
1;16;1;-1;0.01;0.96
1;16;2;1;0.04;0.98
1;16;3;0;0.02;0.94
1;16;4;1;0.1;0.94
1;17;1;-1;0.07;0.96
1;17;2;1;0.04;0.97
1;17;3;1;0.13;0.81
1;17;4;-1;0.05;0.98
1;18;1;-1;0.03;0.96
1;18;2;1;0.02;0.97
1;18;3;1;0.01;0.97
1;18;4;0;0.01;0.98
1;19;1;0;0.01;0.96
1;19;2;-1;0.02;0.98
1;19;3;-1;0.08;0.9
1;19;4;0;0.03;0.93
1;20;1;0;0.01;0.99
1;20;2;-1;0.01;0.99
1;20;3;-1;0.01;0.98
1;20;4;1;0.05;0.98
1;21;1;0;0.02;0.98
1;21;2;-1;0.01;0.99
1;21;3;0;0.01;0.97
1;21;4;-1;0.01;0.99
1;22;1;0;0.01;0.99
1;22;2;-1;0.01;0.99
1;22;3;0;0.02;0.98
1;22;4;1;0.01;0.99
1;23;1;0;0.04;0.97
1;23;2;-1;0.05;0.96
1;23;3;1;0.19;0.83
1;23;4;-1;0.05;0.94
1;24;1;0;0.02;0.97
1;24;2;-1;0.02;0.97
1;24;3;1;0.02;0.95
1;24;4;0;0.02;0.96
1;25;1;0;0.03;0.96
1;25;2;0;0.01;0.98
1;25;3;-1;0.01;0.98
1;25;4;0;0.01;0.98
1;26;1;0;0.04;0.94
1;26;2;0;0.02;0.96
1;26;3;-1;0.03;0.95
1;26;4;1;0.02;0.98
1;27;1;0;0.01;0.98
1;27;2;0;0.01;0.97
1;27;3;0;0.02;0.97
1;27;4;-1;0.02;0.97
1;28;1;0;0.09;0.97
1;28;2;0;0.03;0.98
1;28;3;0;0.01;0.95
1;28;4;1;0.01;0.97
1;29;1;0;0.02;0.98
1;29;2;0;0.02;0.98
1;29;3;1;0.02;0.97
1;29;4;-1;0.1;0.96
1;30;1;0;0.03;0.97
1;30;2;0;0.01;0.96
1;30;3;1;0.03;0.95
1;30;4;0;0.03;0.97
1;31;1;0;0.01;0.97
1;31;2;1;0.02;0.96
1;31;3;-1;0.01;0.96
1;31;4;0;0.03;0.94
1;32;1;0;0.04;0.98
1;32;2;1;0.03;0.98
1;32;3;-1;0.08;0.99
1;32;4;1;0.22;0.97
1;33;1;0;0.03;0.97
1;33;2;1;0.04;0.94
1;33;3;0;0.05;0.91
1;33;4;-1;0.02;0.97
1;34;1;0;0.02;0.95
1;34;2;1;0.02;0.97
1;34;3;0;0.02;0.95
1;34;4;1;0.02;0.98
1;35;1;0;0.01;0.98
1;35;2;1;0.01;0.98
1;35;3;1;0.02;0.97
1;35;4;-1;0.01;0.97
1;36;1;0;0.01;0.99
1;36;2;1;0.01;0.98
1;36;3;1;0.02;0.98
1;36;4;0;0.01;0.98
1;37;1;1;0.04;0.98
1;37;2;-1;0.02;0.98
1;37;3;-1;0.01;0.98
1;37;4;0;0.04;0.97
1;38;1;1;0.02;0.95
1;38;2;-1;0.04;0.97
1;38;3;-1;0.09;0.92
1;38;4;1;0.09;0.95
1;39;1;1;0.01;0.97
1;39;2;-1;0.02;0.94
1;39;3;0;0.03;0.94
1;39;4;-1;0.03;0.96
1;40;1;1;0.05;0.94
1;40;2;-1;0.04;0.97
1;40;3;0;0.15;0.76
1;40;4;1;0.07;0.94
1;41;1;1;0.09;0.92
1;41;2;-1;0.08;0.94
1;41;3;1;0.11;0.89
1;41;4;-1;0.26;0.96
1;42;1;1;0.03;0.95
1;42;2;-1;0.02;0.98
1;42;3;1;0.02;0.96
1;42;4;0;0.05;0.95
1;43;1;1;0.03;0.96
1;43;2;0;0.02;0.98
1;43;3;-1;0.02;0.97
1;43;4;0;0.02;0.97
1;44;1;1;0.06;0.96
1;44;2;0;0.09;0.97
1;44;3;-1;0.05;0.88
1;44;4;1;0.24;0.94
1;45;1;1;0.08;0.96
1;45;2;0;0.07;0.94
1;45;3;0;0.14;0.76
1;45;4;-1;0.04;0.94
1;46;1;1;0.04;0.97
1;46;2;0;0.01;0.92
1;46;3;0;0.05;0.91
1;46;4;1;0.12;0.96
1;47;1;1;0.05;0.97
1;47;2;0;0.02;0.97
1;47;3;1;0.08;0.92
1;47;4;-1;0.03;0.97
1;48;1;1;0.05;0.97
1;48;2;0;0.04;0.98
1;48;3;1;0.1;0.82
1;48;4;0;0.08;0.93
1;49;1;1;0.01;0.96
1;49;2;1;0.02;0.98
1;49;3;-1;0.03;0.95
1;49;4;0;0.02;0.96
1;50;1;1;0.01;0.96
1;50;2;1;0.02;0.98
1;50;3;-1;0.04;0.98
1;50;4;1;0.04;0.97
1;51;1;1;0.14;0.98
1;51;2;1;0.24;0.98
1;51;3;0;0.1;0.9
1;51;4;-1;0.07;0.88
1;52;1;1;0.01;0.98
1;52;2;1;0.02;0.99
1;52;3;0;0.01;0.97
1;52;4;1;0.06;0.97
1;53;1;1;0.01;0.99
1;53;2;1;0.01;0.99
1;53;3;1;0.01;0.99
1;53;4;-1;0.02;0.98
1;54;1;1;0.06;0.98
1;54;2;1;0.06;0.98
1;54;3;1;0.17;0.82
1;54;4;0;0.05;0.92
2;1;5;-1;0.02;0.94
2;1;6;-1;0.03;0.98
2;1;7;-1;0.02;0.97
2;1;8;0;0.04;0.95
2;2;5;-1;0.28;0.59
2;2;6;-1;0.07;0.83
2;2;7;-1;0.14;0.68
2;2;8;1;0.05;0.82
2;3;5;-1;0.07;0.96
2;3;6;-1;0.05;0.9
2;3;7;0;0.05;0.94
2;3;8;-1;0.13;0.77
2;4;5;-1;0.07;0.83
2;4;6;-1;0.1;0.74
2;4;7;0;0.14;0.76
2;4;8;1;0.33;0.62
2;5;5;-1;0.07;0.84
2;5;6;-1;0.1;0.97
2;5;7;1;0.16;0.73
2;5;8;-1;0.16;0.65
2;6;5;-1;0.04;0.86
2;6;6;-1;0.03;0.88
2;6;7;1;0.13;0.81
2;6;8;0;0.03;0.9
2;7;5;-1;0.09;0.88
2;7;6;0;0.11;0.94
2;7;7;-1;0.12;0.85
2;7;8;0;0.04;0.88
2;8;5;-1;0.21;0.57
2;8;6;0;0.17;0.86
2;8;7;-1;0.16;0.57
2;8;8;1;0.26;0.46
2;9;5;-1;0.27;0.57
2;9;6;0;0.04;0.84
2;9;7;0;0.06;0.76
2;9;8;-1;0.07;0.9
2;10;5;-1;0.16;0.73
2;10;6;0;0.03;0.91
2;10;7;0;0.07;0.92
2;10;8;1;0.05;0.86
2;11;5;-1;0.31;0.66
2;11;6;0;0.13;0.94
2;11;7;1;0.07;0.86
2;11;8;-1;0.14;0.91
2;12;5;-1;0.2;0.57
2;12;6;0;0.08;0.75
2;12;7;1;0.07;0.85
2;12;8;0;0.08;0.75
2;13;5;-1;0.12;0.77
2;13;6;1;0.05;0.96
2;13;7;-1;0.06;0.9
2;13;8;0;0.08;0.81
2;14;5;-1;0.2;0.65
2;14;6;1;0.07;0.94
2;14;7;-1;0.12;0.95
2;14;8;1;0.06;0.93
2;15;5;-1;0.22;0.59
2;15;6;1;0.14;0.91
2;15;7;0;0.18;0.86
2;15;8;-1;0.28;0.53
2;16;5;-1;0.54;0.3
2;16;6;1;0.18;0.96
2;16;7;0;0.1;0.94
2;16;8;1;0.06;0.84
2;17;5;-1;0.28;0.46
2;17;6;1;0.04;0.84
2;17;7;1;0.08;0.72
2;17;8;-1;0.04;0.78
2;18;5;-1;0.05;0.81
2;18;6;1;0.07;0.91
2;18;7;1;0.06;0.86
2;18;8;0;0.28;0.63
2;19;5;0;0.17;0.52
2;19;6;-1;0.07;0.84
2;19;7;-1;0.1;0.7
2;19;8;0;0.4;0.36
2;20;5;0;0.09;0.73
2;20;6;-1;0.11;0.88
2;20;7;-1;0.11;0.85
2;20;8;1;0.54;0.2
2;21;5;0;0.09;0.82
2;21;6;-1;0.07;0.86
2;21;7;0;0.07;0.84
2;21;8;-1;0.25;0.66
2;22;5;0;0.23;0.72
2;22;6;-1;0.15;0.91
2;22;7;0;0.16;0.91
2;22;8;1;0.46;0.56
2;23;5;0;0.05;0.87
2;23;6;-1;0.12;0.82
2;23;7;1;0.13;0.73
2;23;8;-1;0.09;0.9
2;24;5;0;0.09;0.84
2;24;6;-1;0.09;0.96
2;24;7;1;0.07;0.95
2;24;8;0;0.19;0.68
2;25;5;0;0.07;0.91
2;25;6;0;0.05;0.97
2;25;7;-1;0.05;0.94
2;25;8;0;0.11;0.8
2;26;5;0;0.06;0.96
2;26;6;0;0.07;0.98
2;26;7;-1;0.07;0.95
2;26;8;1;0.26;0.72
2;27;5;0;0.08;0.93
2;27;6;0;0.1;0.98
2;27;7;0;0.05;0.96
2;27;8;-1;0.24;0.67
2;28;5;0;0.09;0.9
2;28;6;0;0.17;0.65
2;28;7;0;0.06;0.93
2;28;8;1;0.11;0.81
2;29;5;0;0.05;0.93
2;29;6;0;0.03;0.98
2;29;7;1;0.05;0.95
2;29;8;-1;0.02;0.94
2;30;5;0;0.14;0.77
2;30;6;0;0.03;0.93
2;30;7;1;0.04;0.95
2;30;8;0;0.07;0.88
2;31;5;0;0.07;0.89
2;31;6;1;0.01;0.96
2;31;7;-1;0.03;0.96
2;31;8;0;0.03;0.93
2;32;5;0;0.14;0.69
2;32;6;1;0.08;0.85
2;32;7;-1;0.1;0.87
2;32;8;1;0.34;0.42
2;33;5;0;0.09;0.84
2;33;6;1;0.1;0.92
2;33;7;0;0.09;0.85
2;33;8;-1;0.19;0.66
2;34;5;0;0.06;0.89
2;34;6;1;0.08;0.91
2;34;7;0;0.05;0.83
2;34;8;1;0.29;0.58
2;35;5;0;0.04;0.91
2;35;6;1;0.08;0.93
2;35;7;1;0.08;0.93
2;35;8;-1;0.09;0.84
2;36;5;0;0.14;0.77
2;36;6;1;0.08;0.91
2;36;7;1;0.19;0.74
2;36;8;0;0.08;0.86
2;37;5;1;0.06;0.95
2;37;6;-1;0.09;0.98
2;37;7;-1;0.06;0.96
2;37;8;0;0.28;0.64
2;38;5;1;0.05;0.93
2;38;6;-1;0.08;0.92
2;38;7;-1;0.05;0.84
2;38;8;1;0.15;0.78
2;39;5;1;0.04;0.78
2;39;6;-1;0.02;0.82
2;39;7;0;0.04;0.84
2;39;8;-1;0.2;0.62
2;40;5;1;0.01;0.95
2;40;6;-1;0.03;0.97
2;40;7;0;0.03;0.97
2;40;8;1;0.05;0.92
2;41;5;1;0.03;0.94
2;41;6;-1;0.04;0.96
2;41;7;1;0.09;0.92
2;41;8;-1;0.1;0.83
2;42;5;1;0.08;0.9
2;42;6;-1;0.09;0.94
2;42;7;1;0.12;0.8
2;42;8;0;0.23;0.81
2;43;5;1;0.18;0.8
2;43;6;0;0.11;0.7
2;43;7;-1;0.2;0.49
2;43;8;0;0.31;0.44
2;44;5;1;0.09;0.97
2;44;6;0;0.07;0.97
2;44;7;-1;0.11;0.95
2;44;8;1;0.25;0.65
2;45;5;1;0.03;0.95
2;45;6;0;0.04;0.98
2;45;7;0;0.02;0.95
2;45;8;-1;0.08;0.88
2;46;5;1;0.06;0.92
2;46;6;0;0.06;0.92
2;46;7;0;0.08;0.97
2;46;8;1;0.29;0.75
2;47;5;1;0.04;0.86
2;47;6;0;0.07;0.95
2;47;7;1;0.07;0.95
2;47;8;-1;0.22;0.68
2;48;5;1;0.18;0.66
2;48;6;0;0.08;0.83
2;48;7;1;0.08;0.86
2;48;8;0;0.1;0.82
2;49;5;1;0.06;0.87
2;49;6;1;0.1;0.91
2;49;7;-1;0.06;0.88
2;49;8;0;0.4;0.48
2;50;5;1;0.06;0.77
2;50;6;1;0.1;0.83
2;50;7;-1;0.09;0.82
2;50;8;1;0.49;0.4
2;51;5;1;0.06;0.79
2;51;6;1;0.11;0.86
2;51;7;0;0.53;0.75
2;51;8;-1;0.05;0.72
2;52;5;1;0.06;0.82
2;52;6;1;0.06;0.87
2;52;7;0;0.08;0.88
2;52;8;1;0.26;0.57
2;53;5;1;0.06;0.92
2;53;6;1;0.03;0.94
2;53;7;1;0.11;0.89
2;53;8;-1;0.07;0.84
2;54;5;1;0.12;0.85
2;54;6;1;0.13;0.88
2;54;7;1;0.18;0.75
2;54;8;0;0.38;0.61
3;1;9;-1;0.17;0.86
3;1;10;-1;0.11;0.76
3;1;11;-1;0.5;0.3
3;1;12;0;0.05;0.77
3;2;9;-1;0.2;0.63
3;2;10;-1;0.05;0.79
3;2;11;-1;0.05;0.9
3;2;12;1;0.09;0.91
3;3;9;-1;0.09;0.85
3;3;10;-1;0.05;0.95
3;3;11;0;0.03;0.96
3;3;12;-1;0.1;0.96
3;4;9;-1;0.04;0.92
3;4;10;-1;0.08;0.87
3;4;11;0;0.03;0.97
3;4;12;1;0.04;0.96
3;5;9;-1;0.01;0.97
3;5;10;-1;0.01;0.98
3;5;11;1;0.01;0.98
3;5;12;-1;0.02;0.96
3;6;9;-1;0.01;0.99
3;6;10;-1;0.01;0.99
3;6;11;1;0.02;0.96
3;6;12;0;0.01;0.98
3;7;9;-1;0.06;0.97
3;7;10;0;0.06;0.98
3;7;11;-1;0.09;0.88
3;7;12;0;0.06;0.97
3;8;9;-1;0.01;0.99
3;8;10;0;0;0.99
3;8;11;-1;0.02;0.99
3;8;12;1;0.01;0.99
3;9;9;-1;0.01;0.98
3;9;10;0;0.02;0.96
3;9;11;0;0.03;0.94
3;9;12;-1;0.01;0.97
3;10;9;-1;0.03;0.98
3;10;10;0;0.05;0.91
3;10;11;0;0.02;0.95
3;10;12;1;0.03;0.97
3;11;9;-1;0.02;0.98
3;11;10;0;0.01;0.98
3;11;11;1;0.03;0.96
3;11;12;-1;0.03;0.95
3;12;9;-1;0.04;0.97
3;12;10;0;0.04;0.92
3;12;11;1;0.11;0.83
3;12;12;0;0.03;0.97
3;13;9;-1;0.02;0.98
3;13;10;1;0.02;0.99
3;13;11;-1;0.02;0.96
3;13;12;0;0.02;0.96
3;14;9;-1;0.02;0.96
3;14;10;1;0.03;0.97
3;14;11;-1;0.05;0.93
3;14;12;1;0.03;0.95
3;15;9;-1;0.02;0.96
3;15;10;1;0.02;0.97
3;15;11;0;0.01;0.98
3;15;12;-1;0.07;0.91
3;16;9;-1;0.01;0.98
3;16;10;1;0.01;0.98
3;16;11;0;0.01;0.97
3;16;12;1;0.01;0.98
3;17;9;-1;0.07;0.98
3;17;10;1;0.16;0.97
3;17;11;1;0.11;0.9
3;17;12;-1;0.07;0.96
3;18;9;-1;0.02;0.98
3;18;10;1;0.02;0.95
3;18;11;1;0.03;0.97
3;18;12;0;0.02;0.96
3;19;9;0;0.06;0.96
3;19;10;-1;0.03;0.95
3;19;11;-1;0.05;0.97
3;19;12;0;0.11;0.92
3;20;9;0;0.02;0.97
3;20;10;-1;0.02;0.98
3;20;11;-1;0.02;0.95
3;20;12;1;0.04;0.97
3;21;9;0;0.01;0.98
3;21;10;-1;0.02;0.97
3;21;11;0;0.02;0.97
3;21;12;-1;0.02;0.97
3;22;9;0;0.02;0.98
3;22;10;-1;0.01;0.98
3;22;11;0;0.03;0.95
3;22;12;1;0.03;0.95
3;23;9;0;0.16;0.96
3;23;10;-1;0.13;0.93
3;23;11;1;0.13;0.92
3;23;12;-1;0.58;0.18
3;24;9;0;0.02;0.95
3;24;10;-1;0.02;0.99
3;24;11;1;0.02;0.95
3;24;12;0;0.03;0.94
3;25;9;0;0.02;0.97
3;25;10;0;0.01;0.96
3;25;11;-1;0.03;0.97
3;25;12;0;0.01;0.96
3;26;9;0;0.01;0.97
3;26;10;0;0.04;0.93
3;26;11;-1;0.03;0.96
3;26;12;1;0.02;0.96
3;27;9;0;0.05;0.88
3;27;10;0;0.08;0.87
3;27;11;0;0.07;0.96
3;27;12;-1;0.04;0.93
3;28;9;0;0.01;0.97
3;28;10;0;0.01;0.97
3;28;11;0;0.01;0.98
3;28;12;1;0.02;0.98
3;29;9;0;0.01;0.98
3;29;10;0;0.02;0.98
3;29;11;1;0.02;0.97
3;29;12;-1;0.02;0.97
3;30;9;0;0.15;0.97
3;30;10;0;0.09;0.93
3;30;11;1;0.09;0.94
3;30;12;0;0.41;0.94
3;31;9;0;0.02;0.98
3;31;10;1;0.02;0.96
3;31;11;-1;0.02;0.96
3;31;12;0;0.05;0.94
3;32;9;0;0.05;0.9
3;32;10;1;0.03;0.97
3;32;11;-1;0.06;0.91
3;32;12;1;0.02;0.95
3;33;9;0;0.01;0.97
3;33;10;1;0.02;0.97
3;33;11;0;0.01;0.97
3;33;12;-1;0.03;0.96
3;34;9;0;0.03;0.97
3;34;10;1;0.04;0.95
3;34;11;0;0.03;0.94
3;34;12;1;0.03;0.96
3;35;9;0;0.01;0.98
3;35;10;1;0.03;0.95
3;35;11;1;0.01;0.97
3;35;12;-1;0.02;0.97
3;36;9;0;0.01;0.99
3;36;10;1;0.01;0.98
3;36;11;1;0.01;0.98
3;36;12;0;0.02;0.97
3;37;9;1;0.01;0.97
3;37;10;-1;0.02;0.95
3;37;11;-1;0.03;0.96
3;37;12;0;0.02;0.95
3;38;9;1;0.02;0.99
3;38;10;-1;0.01;0.97
3;38;11;-1;0.02;0.97
3;38;12;1;0.04;0.94
3;39;9;1;0.01;0.98
3;39;10;-1;0.01;0.98
3;39;11;0;0.02;0.98
3;39;12;-1;0.02;0.97
3;40;9;1;0.01;0.98
3;40;10;-1;0.01;0.98
3;40;11;0;0.01;0.97
3;40;12;1;0.01;0.98
3;41;9;1;0.01;0.99
3;41;10;-1;0.02;0.97
3;41;11;1;0.01;0.98
3;41;12;-1;0.02;0.97
3;42;9;1;0.01;0.98
3;42;10;-1;0.03;0.95
3;42;11;1;0.01;0.97
3;42;12;0;0.02;0.95
3;43;9;1;0.01;0.99
3;43;10;0;0;0.99
3;43;11;-1;0.01;0.98
3;43;12;0;0.01;0.98
3;44;9;1;0.01;0.97
3;44;10;0;0.05;0.94
3;44;11;-1;0.02;0.98
3;44;12;1;0.02;0.96
3;45;9;1;0.01;0.98
3;45;10;0;0;0.98
3;45;11;0;0.02;0.97
3;45;12;-1;0.01;0.97
3;46;9;1;0.03;0.98
3;46;10;0;0.04;0.98
3;46;11;0;0.01;0.95
3;46;12;1;0.06;0.91
3;47;9;1;0.02;0.97
3;47;10;0;0;0.98
3;47;11;1;0.01;0.97
3;47;12;-1;0.01;0.96
3;48;9;1;0.06;0.88
3;48;10;0;0.1;0.83
3;48;11;1;0.04;0.94
3;48;12;0;0.05;0.97
3;49;9;1;0.01;0.98
3;49;10;1;0.01;0.98
3;49;11;-1;0.02;0.97
3;49;12;0;0.04;0.94
3;50;9;1;0.01;0.99
3;50;10;1;0.01;0.97
3;50;11;-1;0.01;0.99
3;50;12;1;0.01;0.98
3;51;9;1;0.01;0.98
3;51;10;1;0.01;0.96
3;51;11;0;0.01;0.98
3;51;12;-1;0.03;0.94
3;52;9;1;0.02;0.97
3;52;10;1;0.02;0.96
3;52;11;0;0.04;0.94
3;52;12;1;0.02;0.95
3;53;9;1;0.03;0.98
3;53;10;1;0.01;0.97
3;53;11;1;0.05;0.92
3;53;12;-1;0;0.97
3;54;9;1;0.01;0.97
3;54;10;1;0.01;0.98
3;54;11;1;0.01;0.97
3;54;12;0;0.02;0.96
4;1;13;-1;0.14;0.86
4;1;14;-1;0.13;0.61
4;1;15;-1;0.46;0.24
4;1;16;0;0.1;0.8
4;2;13;-1;0.07;0.98
4;2;14;-1;0.01;0.95
4;2;15;-1;0.03;0.98
4;2;16;1;0.03;0.97
4;3;13;-1;0.01;0.97
4;3;14;-1;0.03;0.95
4;3;15;0;0.01;0.98
4;3;16;-1;0.02;0.98
4;4;13;-1;0.06;0.98
4;4;14;-1;0.01;0.95
4;4;15;0;0.03;0.99
4;4;16;1;0.05;0.93
4;5;13;-1;0.06;0.97
4;5;14;-1;0.03;0.93
4;5;15;1;0.04;0.95
4;5;16;-1;0.16;0.85
4;6;13;-1;0.02;0.98
4;6;14;-1;0.03;0.97
4;6;15;1;0.02;0.99
4;6;16;0;0.07;0.99
4;7;13;-1;0.02;0.99
4;7;14;0;0.02;0.99
4;7;15;-1;0.01;0.98
4;7;16;0;0.05;0.96
4;8;13;-1;0.02;0.98
4;8;14;0;0.03;0.99
4;8;15;-1;0.03;0.97
4;8;16;1;0.06;0.95
4;9;13;-1;0.01;0.98
4;9;14;0;0.04;0.97
4;9;15;0;0.01;0.98
4;9;16;-1;0.02;0.98
4;10;13;-1;0.01;0.98
4;10;14;0;0;0.99
4;10;15;0;0;0.99
4;10;16;1;0.01;0.99
4;11;13;-1;0.04;0.95
4;11;14;0;0.04;0.91
4;11;15;1;0.06;0.96
4;11;16;-1;0.13;0.94
4;12;13;-1;0.01;0.98
4;12;14;0;0.05;0.95
4;12;15;1;0.02;0.97
4;12;16;0;0.02;0.96
4;13;13;-1;0.01;0.96
4;13;14;1;0.02;0.97
4;13;15;-1;0.03;0.94
4;13;16;0;0.06;0.94
4;14;13;-1;0.02;0.94
4;14;14;1;0.06;0.89
4;14;15;-1;0.03;0.93
4;14;16;1;0.02;0.95
4;15;13;-1;0.04;0.98
4;15;14;1;0.09;0.84
4;15;15;0;0.03;0.98
4;15;16;-1;0.06;0.94
4;16;13;-1;0.02;0.98
4;16;14;1;0.02;0.96
4;16;15;0;0.03;0.98
4;16;16;1;0.12;0.92
4;17;13;-1;0.02;0.98
4;17;14;1;0.08;0.91
4;17;15;1;0.02;0.97
4;17;16;-1;0.04;0.97
4;18;13;-1;0.02;0.97
4;18;14;1;0.03;0.95
4;18;15;1;0.01;0.98
4;18;16;0;0.01;0.98
4;19;13;0;0.03;0.97
4;19;14;-1;0.02;0.93
4;19;15;-1;0.03;0.96
4;19;16;0;0.07;0.96
4;20;13;0;0.05;0.96
4;20;14;-1;0.02;0.96
4;20;15;-1;0.02;0.97
4;20;16;1;0.06;0.96
4;21;13;0;0.01;0.98
4;21;14;-1;0.03;0.98
4;21;15;0;0.01;0.98
4;21;16;-1;0.02;0.97
4;22;13;0;0.05;0.93
4;22;14;-1;0.3;0.54
4;22;15;0;0.1;0.97
4;22;16;1;0.1;0.97
4;23;13;0;0.02;0.99
4;23;14;-1;0.12;0.92
4;23;15;1;0.02;0.98
4;23;16;-1;0.02;0.98
4;24;13;0;0.04;0.98
4;24;14;-1;0.06;0.88
4;24;15;1;0.05;0.99
4;24;16;0;0.09;0.97
4;25;13;0;0.03;0.98
4;25;14;0;0.11;0.84
4;25;15;-1;0.03;0.99
4;25;16;0;0.03;0.99
4;26;13;0;0.02;0.98
4;26;14;0;0.06;0.92
4;26;15;-1;0.03;0.97
4;26;16;1;0.02;0.99
4;27;13;0;0.03;0.98
4;27;14;0;0.02;0.98
4;27;15;0;0.02;0.99
4;27;16;-1;0.02;0.98
4;28;13;0;0.09;0.99
4;28;14;0;0.25;0.98
4;28;15;0;0.02;0.99
4;28;16;1;0.05;0.99
4;29;13;0;0.02;0.96
4;29;14;0;0.03;0.94
4;29;15;1;0.02;0.98
4;29;16;-1;0.02;0.97
4;30;13;0;0.02;0.99
4;30;14;0;0.03;0.97
4;30;15;1;0.03;0.99
4;30;16;0;0.06;0.9
4;31;13;0;0.03;0.97
4;31;14;1;0.02;0.96
4;31;15;-1;0.02;0.98
4;31;16;0;0.02;0.98
4;32;13;0;0.02;0.95
4;32;14;1;0.03;0.94
4;32;15;-1;0.02;0.97
4;32;16;1;0.03;0.95
4;33;13;0;0.02;0.98
4;33;14;1;0.08;0.98
4;33;15;0;0.01;0.98
4;33;16;-1;0.03;0.99
4;34;13;0;0.03;0.96
4;34;14;1;0.09;0.91
4;34;15;0;0.05;0.98
4;34;16;1;0.07;0.98
4;35;13;0;0.02;0.95
4;35;14;1;0.04;0.95
4;35;15;1;0.01;0.98
4;35;16;-1;0.02;0.99
4;36;13;0;0.02;0.98
4;36;14;1;0.05;0.91
4;36;15;1;0.03;0.98
4;36;16;0;0.04;0.94
4;37;13;1;0.03;0.98
4;37;14;-1;0.03;0.99
4;37;15;-1;0.02;0.99
4;37;16;0;0.04;0.97
4;38;13;1;0.03;0.97
4;38;14;-1;0.03;0.97
4;38;15;-1;0.03;0.98
4;38;16;1;0.05;0.91
4;39;13;1;0.04;0.86
4;39;14;-1;0.17;0.65
4;39;15;0;0.11;0.9
4;39;16;-1;0.13;0.86
4;40;13;1;0.04;0.96
4;40;14;-1;0.01;0.99
4;40;15;0;0.01;0.99
4;40;16;1;0.01;0.98
4;41;13;1;0.01;0.99
4;41;14;-1;0.03;0.97
4;41;15;1;0.01;0.99
4;41;16;-1;0.01;0.99
4;42;13;1;0.08;0.97
4;42;14;-1;0.18;0.88
4;42;15;1;0.08;0.97
4;42;16;0;0.12;0.95
4;43;13;1;0.04;0.95
4;43;14;0;0.03;0.95
4;43;15;-1;0.02;0.97
4;43;16;0;0.02;0.96
4;44;13;1;0.03;0.92
4;44;14;0;0.09;0.94
4;44;15;-1;0.04;0.96
4;44;16;1;0.03;0.93
4;45;13;1;0.05;0.9
4;45;14;0;0.12;0.78
4;45;15;0;0.03;0.9
4;45;16;-1;0.07;0.9
4;46;13;1;0.04;0.96
4;46;14;0;0.18;0.81
4;46;15;0;0.03;0.97
4;46;16;1;0.06;0.99
4;47;13;1;0.18;0.79
4;47;14;0;0.04;0.92
4;47;15;1;0.05;0.96
4;47;16;-1;0.06;0.96
4;48;13;1;0.04;0.98
4;48;14;0;0.02;0.97
4;48;15;1;0.01;0.98
4;48;16;0;0.03;0.99
4;49;13;1;0.11;0.79
4;49;14;1;0.06;0.94
4;49;15;-1;0.06;0.97
4;49;16;0;0.09;0.86
4;50;13;1;0.03;0.95
4;50;14;1;0.05;0.96
4;50;15;-1;0.07;0.88
4;50;16;1;0.03;0.96
4;51;13;1;0.03;0.94
4;51;14;1;0.06;0.9
4;51;15;0;0.03;0.97
4;51;16;-1;0.05;0.91
4;52;13;1;0.13;0.8
4;52;14;1;0.13;0.77
4;52;15;0;0.07;0.95
4;52;16;1;0.07;0.96
4;53;13;1;0.07;0.87
4;53;14;1;0.08;0.88
4;53;15;1;0.04;0.97
4;53;16;-1;0.04;0.96
4;54;13;1;0.03;0.94
4;54;14;1;0.06;0.92
4;54;15;1;0.02;0.96
4;54;16;0;0.01;0.95
5;1;17;-1;0.11;0.94
5;1;18;-1;0.14;0.9
5;1;19;-1;0.39;0.36
5;1;20;0;0.12;0.92
5;2;17;-1;0.03;0.95
5;2;18;-1;0.03;0.95
5;2;19;-1;0.05;0.97
5;2;20;1;0.16;0.82
5;3;17;-1;0.08;0.95
5;3;18;-1;0.13;0.93
5;3;19;0;0.04;0.95
5;3;20;-1;0.03;0.94
5;4;17;-1;0.05;0.92
5;4;18;-1;0.04;0.98
5;4;19;0;0.04;0.97
5;4;20;1;0.09;0.9
5;5;17;-1;0.04;0.84
5;5;18;-1;0.11;0.89
5;5;19;1;0.1;0.8
5;5;20;-1;0.04;0.88
5;6;17;-1;0.11;0.83
5;6;18;-1;0.16;0.62
5;6;19;1;0.15;0.66
5;6;20;0;0.05;0.8
5;7;17;-1;0.1;0.93
5;7;18;0;0.12;0.83
5;7;19;-1;0.3;0.54
5;7;20;0;0.11;0.94
5;8;17;-1;0.04;0.93
5;8;18;0;0.05;0.87
5;8;19;-1;0.02;0.94
5;8;20;1;0.07;0.86
5;9;17;-1;0.14;0.89
5;9;18;0;0.1;0.85
5;9;19;0;0.22;0.58
5;9;20;-1;0.32;0.41
5;10;17;-1;0.03;0.8
5;10;18;0;0.24;0.52
5;10;19;0;0.12;0.69
5;10;20;1;0.08;0.75
5;11;17;-1;0.07;0.77
5;11;18;0;0.18;0.78
5;11;19;1;0.19;0.58
5;11;20;-1;0.06;0.8
5;12;17;-1;0.1;0.92
5;12;18;0;0.15;0.83
5;12;19;1;0.18;0.72
5;12;20;0;0.1;0.92
5;13;17;-1;0.02;0.93
5;13;18;1;0.05;0.94
5;13;19;-1;0.06;0.92
5;13;20;0;0.03;0.97
5;14;17;-1;0.31;0.9
5;14;18;1;0.04;0.9
5;14;19;-1;0.12;0.96
5;14;20;1;0.08;0.94
5;15;17;-1;0.13;0.9
5;15;18;1;0.2;0.81
5;15;19;0;0.35;0.45
5;15;20;-1;0.1;0.89
5;16;17;-1;0.06;0.95
5;16;18;1;0.21;0.74
5;16;19;0;0.06;0.93
5;16;20;1;0.04;0.96
5;17;17;-1;0.07;0.89
5;17;18;1;0.13;0.86
5;17;19;1;0.03;0.93
5;17;20;-1;0.02;0.95
5;18;17;-1;0.15;0.89
5;18;18;1;0.1;0.78
5;18;19;1;0.05;0.79
5;18;20;0;0.43;0.33
5;19;17;0;0.07;0.85
5;19;18;-1;0.05;0.9
5;19;19;-1;0.07;0.91
5;19;20;0;0.04;0.94
5;20;17;0;0.15;0.86
5;20;18;-1;0.09;0.81
5;20;19;-1;0.19;0.75
5;20;20;1;0.39;0.34
5;21;17;0;0.04;0.97
5;21;18;-1;0.01;0.95
5;21;19;0;0.05;0.9
5;21;20;-1;0.07;0.88
5;22;17;0;0.13;0.57
5;22;18;-1;0.24;0.45
5;22;19;0;0.15;0.55
5;22;20;1;0.19;0.48
5;23;17;0;0.03;0.85
5;23;18;-1;0.07;0.85
5;23;19;1;0.14;0.68
5;23;20;-1;0.33;0.39
5;24;17;0;0.16;0.85
5;24;18;-1;0.05;0.92
5;24;19;1;0.06;0.92
5;24;20;0;0.09;0.86
5;25;17;0;0.14;0.92
5;25;18;0;0.38;0.3
5;25;19;-1;0.07;0.75
5;25;20;0;0.13;0.75
5;26;17;0;0.13;0.73
5;26;18;0;0.19;0.77
5;26;19;-1;0.12;0.76
5;26;20;1;0.11;0.92
5;27;17;0;0.07;0.88
5;27;18;0;0.24;0.61
5;27;19;0;0.09;0.9
5;27;20;-1;0.05;0.86
5;28;17;0;0.05;0.87
5;28;18;0;0.09;0.89
5;28;19;0;0.06;0.84
5;28;20;1;0.07;0.91
5;29;17;0;0.09;0.75
5;29;18;0;0.23;0.46
5;29;19;1;0.37;0.32
5;29;20;-1;0.06;0.74
5;30;17;0;0.08;0.92
5;30;18;0;0.08;0.93
5;30;19;1;0.24;0.63
5;30;20;0;0.12;0.79
5;31;17;0;0.07;0.68
5;31;18;1;0.1;0.68
5;31;19;-1;0.09;0.71
5;31;20;0;0.22;0.64
5;32;17;0;0.31;0.43
5;32;18;1;0.24;0.55
5;32;19;-1;0.06;0.78
5;32;20;1;0.09;0.74
5;33;17;0;0.07;0.94
5;33;18;1;0.03;0.94
5;33;19;0;0.06;0.94
5;33;20;-1;0.03;0.93
5;34;17;0;0.07;0.87
5;34;18;1;0.07;0.86
5;34;19;0;0.05;0.93
5;34;20;1;0.1;0.81
5;35;17;0;0.11;0.79
5;35;18;1;0.29;0.63
5;35;19;1;0.24;0.59
5;35;20;-1;0.09;0.71
5;36;17;0;0.05;0.86
5;36;18;1;0.12;0.84
5;36;19;1;0.06;0.82
5;36;20;0;0.06;0.91
5;37;17;1;0.25;0.82
5;37;18;-1;0.77;0.7
5;37;19;-1;0.2;0.85
5;37;20;0;0.06;0.69
5;38;17;1;0.05;0.93
5;38;18;-1;0.08;0.91
5;38;19;-1;0.04;0.93
5;38;20;1;0.06;0.86
5;39;17;1;0.05;0.86
5;39;18;-1;0.13;0.75
5;39;19;0;0.05;0.93
5;39;20;-1;0.08;0.87
5;40;17;1;0.25;0.79
5;40;18;-1;0.14;0.84
5;40;19;0;0.08;0.88
5;40;20;1;0.12;0.94
5;41;17;1;0.03;0.93
5;41;18;-1;0.05;0.9
5;41;19;1;0.04;0.9
5;41;20;-1;0.03;0.93
5;42;17;1;0.04;0.89
5;42;18;-1;0.04;0.93
5;42;19;1;0.05;0.9
5;42;20;0;0.07;0.88
5;43;17;1;0.07;0.86
5;43;18;0;0.07;0.92
5;43;19;-1;0.06;0.83
5;43;20;0;0.1;0.78
5;44;17;1;0.09;0.78
5;44;18;0;0.24;0.5
5;44;19;-1;0.12;0.62
5;44;20;1;0.13;0.73
5;45;17;1;0.16;0.84
5;45;18;0;0.46;0.47
5;45;19;0;0.15;0.86
5;45;20;-1;0.07;0.68
5;46;17;1;0.07;0.89
5;46;18;0;0.1;0.86
5;46;19;0;0.09;0.84
5;46;20;1;0.11;0.79
5;47;17;1;0.12;0.92
5;47;18;0;0.52;0.35
5;47;19;1;0.13;0.92
5;47;20;-1;0.06;0.84
5;48;17;1;0.08;0.92
5;48;18;0;0.05;0.82
5;48;19;1;0.05;0.85
5;48;20;0;0.11;0.83
5;49;17;1;0.1;0.77
5;49;18;1;0.06;0.81
5;49;19;-1;0.21;0.64
5;49;20;0;0.03;0.89
5;50;17;1;0.05;0.86
5;50;18;1;0.04;0.9
5;50;19;-1;0.14;0.76
5;50;20;1;0.05;0.85
5;51;17;1;0.07;0.94
5;51;18;1;0.04;0.85
5;51;19;0;0.12;0.78
5;51;20;-1;0.07;0.85
5;52;17;1;0.08;0.87
5;52;18;1;0.09;0.81
5;52;19;0;0.05;0.93
5;52;20;1;0.04;0.91
5;53;17;1;0.05;0.91
5;53;18;1;0.08;0.84
5;53;19;1;0.05;0.91
5;53;20;-1;0.07;0.86
5;54;17;1;0.12;0.67
5;54;18;1;0.05;0.67
5;54;19;1;0.32;0.3
5;54;20;0;0.27;0.51
6;1;21;-1;0.12;0.81
6;1;22;-1;0.4;0.81
6;1;23;-1;0.11;0.84
6;1;24;0;0.32;0.25
6;2;21;-1;0.16;0.67
6;2;22;-1;0.1;0.83
6;2;23;-1;0.06;0.85
6;2;24;1;0.47;0.3
6;3;21;-1;0.16;0.6
6;3;22;-1;0.2;0.79
6;3;23;0;0.19;0.91
6;3;24;-1;0.31;0.69
6;4;21;-1;0.12;0.93
6;4;22;-1;0.1;0.95
6;4;23;0;0.17;0.98
6;4;24;1;0.56;0.33
6;5;21;-1;0.06;0.97
6;5;22;-1;0.08;0.97
6;5;23;1;0.03;0.93
6;5;24;-1;0.11;0.91
6;6;21;-1;0.14;0.94
6;6;22;-1;0.16;0.96
6;6;23;1;0.16;0.95
6;6;24;0;0.59;0.17
6;7;21;-1;0.05;0.94
6;7;22;0;0.03;0.97
6;7;23;-1;0.02;0.94
6;7;24;0;0.18;0.81
6;8;21;-1;0.11;0.93
6;8;22;0;0.2;0.97
6;8;23;-1;0.14;0.94
6;8;24;1;0.63;0.14
6;9;21;-1;0.15;0.95
6;9;22;0;0.17;0.94
6;9;23;0;0.19;0.97
6;9;24;-1;0.65;0.08
6;10;21;-1;0.03;0.9
6;10;22;0;0.07;0.97
6;10;23;0;0.08;0.97
6;10;24;1;0.25;0.74
6;11;21;-1;0.16;0.95
6;11;22;0;0.08;0.96
6;11;23;1;0.08;0.94
6;11;24;-1;0.5;0.75
6;12;21;-1;0.1;0.95
6;12;22;0;0.12;0.96
6;12;23;1;0.1;0.89
6;12;24;0;0.46;0.83
6;13;21;-1;0.24;0.53
6;13;22;1;0.07;0.78
6;13;23;-1;0.09;0.78
6;13;24;0;0.25;0.54
6;14;21;-1;0.12;0.64
6;14;22;1;0.1;0.78
6;14;23;-1;0.17;0.9
6;14;24;1;0.47;0.38
6;15;21;-1;0.02;0.96
6;15;22;1;0.02;0.97
6;15;23;0;0.02;0.98
6;15;24;-1;0.05;0.94
6;16;21;-1;0.13;0.7
6;16;22;1;0.16;0.97
6;16;23;0;0.16;0.97
6;16;24;1;0.45;0.35
6;17;21;-1;0.49;0.43
6;17;22;1;0.16;0.96
6;17;23;1;0.2;0.98
6;17;24;-1;0.2;0.94
6;18;21;-1;0.07;0.91
6;18;22;1;0.08;0.96
6;18;23;1;0.12;0.98
6;18;24;0;0.31;0.61
6;19;21;0;0.11;0.82
6;19;22;-1;0.13;0.93
6;19;23;-1;0.13;0.95
6;19;24;0;0.44;0.37
6;20;21;0;0.05;0.81
6;20;22;-1;0.15;0.96
6;20;23;-1;0.14;0.95
6;20;24;1;0.51;0.29
6;21;21;0;0.14;0.93
6;21;22;-1;0.13;0.95
6;21;23;0;0.13;0.95
6;21;24;-1;0.48;0.32
6;22;21;0;0.21;0.95
6;22;22;-1;0.18;0.94
6;22;23;0;0.2;0.97
6;22;24;1;0.74;0.25
6;23;21;0;0.04;0.91
6;23;22;-1;0.06;0.94
6;23;23;1;0.09;0.97
6;23;24;-1;0.33;0.54
6;24;21;0;0.23;0.87
6;24;22;-1;0.24;0.95
6;24;23;1;0.21;0.96
6;24;24;0;0.68;0.13
6;25;21;0;0.1;0.84
6;25;22;0;0.17;0.95
6;25;23;-1;0.16;0.96
6;25;24;0;0.53;0.25
6;26;21;0;0.08;0.88
6;26;22;0;0.09;0.91
6;26;23;-1;0.14;0.94
6;26;24;1;0.52;0.22
6;27;21;0;0.08;0.91
6;27;22;0;0.12;0.95
6;27;23;0;0.13;0.96
6;27;24;-1;0.43;0.42
6;28;21;0;0.18;0.58
6;28;22;0;0.12;0.88
6;28;23;0;0.15;0.88
6;28;24;1;0.43;0.24
6;29;21;0;0.15;0.96
6;29;22;0;0.17;0.96
6;29;23;1;0.15;0.93
6;29;24;-1;0.65;0.08
6;30;21;0;0.14;0.94
6;30;22;0;0.18;0.95
6;30;23;1;0.1;0.89
6;30;24;0;0.59;0.21
6;31;21;0;0.12;0.93
6;31;22;1;0.06;0.91
6;31;23;-1;0.07;0.92
6;31;24;0;0.45;0.53
6;32;21;0;0.63;0.34
6;32;22;1;0.25;0.56
6;32;23;-1;0.32;0.46
6;32;24;1;0.43;0.22
6;33;21;0;0.13;0.91
6;33;22;1;0.16;0.95
6;33;23;0;0.14;0.92
6;33;24;-1;0.59;0.23
6;34;21;0;0.11;0.94
6;34;22;1;0.09;0.98
6;34;23;0;0.02;0.9
6;34;24;1;0.21;0.81
6;35;21;0;0.11;0.94
6;35;22;1;0.1;0.94
6;35;23;1;0.05;0.96
6;35;24;-1;0.02;0.91
6;36;21;0;0.09;0.97
6;36;22;1;0.09;0.98
6;36;23;1;0.06;0.91
6;36;24;0;0.25;0.86
6;37;21;1;0.09;0.91
6;37;22;-1;0.14;0.9
6;37;23;-1;0.11;0.92
6;37;24;0;0.43;0.4
6;38;21;1;0.46;0.16
6;38;22;-1;0.18;0.76
6;38;23;-1;0.18;0.78
6;38;24;1;0.36;0.32
6;39;21;1;0.11;0.9
6;39;22;-1;0.13;0.94
6;39;23;0;0.17;0.94
6;39;24;-1;0.55;0.16
6;40;21;1;0.15;0.74
6;40;22;-1;0.1;0.93
6;40;23;0;0.18;0.95
6;40;24;1;0.4;0.33
6;41;21;1;0.1;0.7
6;41;22;-1;0.07;0.88
6;41;23;1;0.04;0.79
6;41;24;-1;0.29;0.48
6;42;21;1;0.3;0.6
6;42;22;-1;0.12;0.86
6;42;23;1;0.13;0.85
6;42;24;0;0.28;0.55
6;43;21;1;0.1;0.9
6;43;22;0;0.13;0.94
6;43;23;-1;0.12;0.92
6;43;24;0;0.48;0.42
6;44;21;1;0.21;0.96
6;44;22;0;0.25;0.94
6;44;23;-1;0.26;0.95
6;44;24;1;0.88;0.37
6;45;21;1;0.16;0.94
6;45;22;0;0.17;0.92
6;45;23;0;0.16;0.94
6;45;24;-1;0.67;0.07
6;46;21;1;0.05;0.95
6;46;22;0;0.08;0.95
6;46;23;0;0.09;0.96
6;46;24;1;0.33;0.53
6;47;21;1;0.3;0.65
6;47;22;0;0.19;0.95
6;47;23;1;0.17;0.95
6;47;24;-1;0.38;0.33
6;48;21;1;0.02;0.94
6;48;22;0;0.08;0.97
6;48;23;1;0.07;0.96
6;48;24;0;0.25;0.82
6;49;21;1;0.04;0.96
6;49;22;1;0.03;0.96
6;49;23;-1;0.05;0.95
6;49;24;0;0.11;0.85
6;50;21;1;1;0.64
6;50;22;1;0.1;0.78
6;50;23;-1;0.27;0.87
6;50;24;1;0.12;0.73
6;51;21;1;0.06;0.9
6;51;22;1;0.05;0.92
6;51;23;0;0.04;0.95
6;51;24;-1;0.13;0.79
6;52;21;1;0.22;0.84
6;52;22;1;0.07;0.96
6;52;23;0;0.08;0.95
6;52;24;1;0.1;0.83
6;53;21;1;0.04;0.87
6;53;22;1;0.1;0.94
6;53;23;1;0.03;0.88
6;53;24;-1;0.31;0.59
6;54;21;1;0.08;0.91
6;54;22;1;0.06;0.88
6;54;23;1;0.1;0.92
6;54;24;0;0.42;0.4
7;1;25;-1;0.07;0.9
7;1;26;-1;0.08;0.93
7;1;27;-1;0.1;0.89
7;1;28;0;0.23;0.63
7;2;25;-1;0.09;0.97
7;2;26;-1;0.11;0.95
7;2;27;-1;0.4;0.47
7;2;28;1;0.07;0.93
7;3;25;-1;0.02;0.99
7;3;26;-1;0.01;0.98
7;3;27;0;0.02;0.98
7;3;28;-1;0.01;0.99
7;4;25;-1;0.04;0.95
7;4;26;-1;0.07;0.91
7;4;27;0;0.02;0.98
7;4;28;1;0.03;0.99
7;5;25;-1;0.01;0.98
7;5;26;-1;0.01;0.99
7;5;27;1;0.02;0.98
7;5;28;-1;0.01;0.99
7;6;25;-1;0.01;0.97
7;6;26;-1;0.01;0.98
7;6;27;1;0.01;0.98
7;6;28;0;0.01;0.98
7;7;25;-1;0.01;0.99
7;7;26;0;0.03;0.98
7;7;27;-1;0.01;0.99
7;7;28;0;0.01;0.99
7;8;25;-1;0.04;0.95
7;8;26;0;0.03;0.98
7;8;27;-1;0.02;0.98
7;8;28;1;0.03;0.99
7;9;25;-1;0.02;0.96
7;9;26;0;0.02;0.97
7;9;27;0;0.01;0.97
7;9;28;-1;0.02;0.98
7;10;25;-1;0.01;0.99
7;10;26;0;0.03;0.96
7;10;27;0;0.01;0.99
7;10;28;1;0.01;0.99
7;11;25;-1;0.1;0.86
7;11;26;0;0.07;0.94
7;11;27;1;0.07;0.97
7;11;28;-1;0.04;0.87
7;12;25;-1;0.28;0.8
7;12;26;0;0.08;0.98
7;12;27;1;0.06;0.98
7;12;28;0;0.06;0.98
7;13;25;-1;0.06;0.97
7;13;26;1;0.05;0.97
7;13;27;-1;0.19;0.77
7;13;28;0;0.04;0.96
7;14;25;-1;0.02;0.99
7;14;26;1;0.03;0.99
7;14;27;-1;0.05;0.93
7;14;28;1;0.03;0.98
7;15;25;-1;0.06;0.92
7;15;26;1;0.02;0.98
7;15;27;0;0.01;0.98
7;15;28;-1;0.02;0.99
7;16;25;-1;0.02;0.98
7;16;26;1;0.02;0.98
7;16;27;0;0.05;0.97
7;16;28;1;0.01;0.99
7;17;25;-1;0.18;0.83
7;17;26;1;0.08;0.98
7;17;27;1;0.05;0.92
7;17;28;-1;0.06;0.97
7;18;25;-1;0.04;0.98
7;18;26;1;0.02;0.98
7;18;27;1;0.03;0.99
7;18;28;0;0.02;0.95
7;19;25;0;0.09;0.93
7;19;26;-1;0.03;0.98
7;19;27;-1;0.03;0.97
7;19;28;0;0.03;0.98
7;20;25;0;0.02;0.98
7;20;26;-1;0.09;0.94
7;20;27;-1;0.02;0.94
7;20;28;1;0.03;0.98
7;21;25;0;0.03;0.95
7;21;26;-1;0.05;0.9
7;21;27;0;0.03;0.96
7;21;28;-1;0.04;0.98
7;22;25;0;0.02;0.97
7;22;26;-1;0.02;0.96
7;22;27;0;0.01;0.99
7;22;28;1;0.01;0.98
7;23;25;0;0.01;0.98
7;23;26;-1;0.06;0.95
7;23;27;1;0.01;0.98
7;23;28;-1;0.02;0.98
7;24;25;0;0.03;0.94
7;24;26;-1;0.01;0.97
7;24;27;1;0.05;0.95
7;24;28;0;0.02;0.98
7;25;25;0;0.03;0.96
7;25;26;0;0.01;0.99
7;25;27;-1;0.02;0.96
7;25;28;0;0.02;0.99
7;26;25;0;0.02;0.98
7;26;26;0;0.04;0.98
7;26;27;-1;0.01;0.98
7;26;28;1;0;0.98
7;27;25;0;0.02;0.95
7;27;26;0;0.02;0.96
7;27;27;0;0.04;0.92
7;27;28;-1;0.01;0.99
7;28;25;0;0.01;0.98
7;28;26;0;0.05;0.97
7;28;27;0;0.02;0.99
7;28;28;1;0.02;0.98
7;29;25;0;0.02;0.99
7;29;26;0;0.03;0.97
7;29;27;1;0.02;0.98
7;29;28;-1;0.04;0.97
7;30;25;0;0.02;0.98
7;30;26;0;0.06;0.98
7;30;27;1;0.02;0.99
7;30;28;0;0.02;0.99
7;31;25;0;0.02;0.95
7;31;26;1;0.02;0.96
7;31;27;-1;0.02;0.96
7;31;28;0;0.02;0.98
7;32;25;0;0.01;0.97
7;32;26;1;0.03;0.98
7;32;27;-1;0.02;0.99
7;32;28;1;0.01;0.99
7;33;25;0;0.07;0.99
7;33;26;1;0.01;0.99
7;33;27;0;0.01;0.99
7;33;28;-1;0.03;0.99
7;34;25;0;0.01;0.97
7;34;26;1;0.02;0.98
7;34;27;0;0.03;0.99
7;34;28;1;0.01;0.98
7;35;25;0;0.03;0.96
7;35;26;1;0.04;0.97
7;35;27;1;0.08;0.89
7;35;28;-1;0.04;0.98
7;36;25;0;0.05;0.98
7;36;26;1;0.07;0.97
7;36;27;1;0.12;0.98
7;36;28;0;0.04;0.98
7;37;25;1;0.07;0.97
7;37;26;-1;0.12;0.98
7;37;27;-1;0.08;0.89
7;37;28;0;0.03;0.95
7;38;25;1;0;0.99
7;38;26;-1;0.01;0.99
7;38;27;-1;0.02;0.98
7;38;28;1;0.03;0.99
7;39;25;1;0.02;0.97
7;39;26;-1;0.02;0.96
7;39;27;0;0.02;0.98
7;39;28;-1;0.03;0.95
7;40;25;1;0.12;0.97
7;40;26;-1;0.08;0.94
7;40;27;0;0.4;0.51
7;40;28;1;0.11;0.98
7;41;25;1;0.01;0.99
7;41;26;-1;0.02;0.98
7;41;27;1;0.01;0.98
7;41;28;-1;0.02;0.96
7;42;25;1;0.02;0.99
7;42;26;-1;0.03;0.98
7;42;27;1;0.02;0.97
7;42;28;0;0.02;0.96
7;43;25;1;0.02;0.97
7;43;26;0;0.02;0.96
7;43;27;-1;0.03;0.98
7;43;28;0;0.02;0.99
7;44;25;1;0.1;0.96
7;44;26;0;0.08;0.94
7;44;27;-1;0.4;0.44
7;44;28;1;0.1;0.96
7;45;25;1;0.02;0.96
7;45;26;0;0.02;0.97
7;45;27;0;0.02;0.97
7;45;28;-1;0.02;0.95
7;46;25;1;0.03;0.97
7;46;26;0;0.02;0.97
7;46;27;0;0.03;0.94
7;46;28;1;0.01;0.98
7;47;25;1;0.03;0.96
7;47;26;0;0.03;0.97
7;47;27;1;0.06;0.94
7;47;28;-1;0.03;0.99
7;48;25;1;0.03;0.98
7;48;26;0;0.01;0.95
7;48;27;1;0.09;0.96
7;48;28;0;0.02;0.97
7;49;25;1;0.03;0.93
7;49;26;1;0.04;0.94
7;49;27;-1;0.02;0.97
7;49;28;0;0.02;0.97
7;50;25;1;0.02;0.97
7;50;26;1;0.02;0.98
7;50;27;-1;0.03;0.94
7;50;28;1;0.01;0.96
7;51;25;1;0.05;0.98
7;51;26;1;0.12;0.83
7;51;27;0;0.06;0.94
7;51;28;-1;0.03;0.95
7;52;25;1;0.02;0.98
7;52;26;1;0.02;0.96
7;52;27;0;0.05;0.94
7;52;28;1;0.01;0.97
7;53;25;1;0.02;0.99
7;53;26;1;0.02;0.96
7;53;27;1;0.02;0.99
7;53;28;-1;0.01;0.98
7;54;25;1;0.02;0.98
7;54;26;1;0.02;0.97
7;54;27;1;0.04;0.93
7;54;28;0;0.03;0.95
8;1;29;-1;0.02;0.97
8;1;30;-1;0.02;0.97
8;1;31;-1;0.01;0.97
8;1;32;0;0.03;0.94
8;2;29;-1;0.09;0.98
8;2;30;-1;0.04;0.99
8;2;31;-1;0.05;0.98
8;2;32;1;0.03;0.98
8;3;29;-1;0.01;0.98
8;3;30;-1;0.01;0.98
8;3;31;0;0.01;0.98
8;3;32;-1;0.01;0.97
8;4;29;-1;0.13;0.98
8;4;30;-1;0.05;0.98
8;4;31;0;0.03;0.98
8;4;32;1;0.02;0.95
8;5;29;-1;0.04;0.94
8;5;30;-1;0.02;0.97
8;5;31;1;0.04;0.96
8;5;32;-1;0.03;0.95
8;6;29;-1;0;0.99
8;6;30;-1;0.01;0.99
8;6;31;1;0.01;0.99
8;6;32;0;0;0.99
8;7;29;-1;0.2;0.98
8;7;30;0;0.04;0.99
8;7;31;-1;0.05;0.98
8;7;32;0;0.03;0.96
8;8;29;-1;0;0.98
8;8;30;0;0.01;0.98
8;8;31;-1;0.01;0.98
8;8;32;1;0.02;0.97
8;9;29;-1;0.02;0.98
8;9;30;0;0.08;0.89
8;9;31;0;0.02;0.97
8;9;32;-1;0.02;0.99
8;10;29;-1;0.32;0.99
8;10;30;0;0.06;0.97
8;10;31;0;0.04;0.99
8;10;32;1;0.09;0.98
8;11;29;-1;0.01;0.96
8;11;30;0;0.04;0.93
8;11;31;1;0.01;0.97
8;11;32;-1;0.02;0.96
8;12;29;-1;0.02;0.96
8;12;30;0;0.08;0.94
8;12;31;1;0.02;0.98
8;12;32;0;0.02;0.97
8;13;29;-1;0.01;0.98
8;13;30;1;0.01;0.98
8;13;31;-1;0.01;0.98
8;13;32;0;0.03;0.97
8;14;29;-1;0.03;0.97
8;14;30;1;0.02;0.97
8;14;31;-1;0.01;0.98
8;14;32;1;0.01;0.97
8;15;29;-1;0.02;0.95
8;15;30;1;0.01;0.99
8;15;31;0;0.01;0.97
8;15;32;-1;0.02;0.96
8;16;29;-1;0.01;0.99
8;16;30;1;0.01;0.97
8;16;31;0;0.01;0.98
8;16;32;1;0.02;0.99
8;17;29;-1;0.01;0.99
8;17;30;1;0.01;0.98
8;17;31;1;0;0.99
8;17;32;-1;0.01;0.97
8;18;29;-1;0.09;0.87
8;18;30;1;0.03;0.98
8;18;31;1;0.03;0.99
8;18;32;0;0.03;0.95
8;19;29;0;0.05;0.93
8;19;30;-1;0.02;0.98
8;19;31;-1;0.03;0.97
8;19;32;0;0.02;0.96
8;20;29;0;0.12;0.96
8;20;30;-1;0.02;0.98
8;20;31;-1;0.02;0.97
8;20;32;1;0.02;0.98
8;21;29;0;0.01;0.99
8;21;30;-1;0.01;0.98
8;21;31;0;0.01;0.99
8;21;32;-1;0.01;0.98
8;22;29;0;0.01;0.98
8;22;30;-1;0.01;0.98
8;22;31;0;0.01;0.98
8;22;32;1;0.01;0.98
8;23;29;0;0.03;0.97
8;23;30;-1;0.02;0.98
8;23;31;1;0.01;0.98
8;23;32;-1;0.01;0.97
8;24;29;0;0.08;0.98
8;24;30;-1;0.05;0.98
8;24;31;1;0.04;0.99
8;24;32;0;0.03;0.99
8;25;29;0;0.05;0.94
8;25;30;0;0.01;0.98
8;25;31;-1;0.01;0.98
8;25;32;0;0.01;0.97
8;26;29;0;0.24;0.96
8;26;30;0;0.04;0.99
8;26;31;-1;0.06;0.98
8;26;32;1;0.03;0.98
8;27;29;0;0.02;0.99
8;27;30;0;0.01;0.98
8;27;31;0;0.02;0.98
8;27;32;-1;0.01;0.99
8;28;29;0;0.05;0.98
8;28;30;0;0.01;0.97
8;28;31;0;0.01;0.98
8;28;32;1;0.02;0.98
8;29;29;0;0.02;0.98
8;29;30;0;0.02;0.98
8;29;31;1;0.01;0.98
8;29;32;-1;0.01;0.97
8;30;29;0;0.06;0.97
8;30;30;0;0.03;0.98
8;30;31;1;0.01;0.97
8;30;32;0;0.02;0.98
8;31;29;0;0.02;0.98
8;31;30;1;0.02;0.99
8;31;31;-1;0;0.98
8;31;32;0;0.01;0.97
8;32;29;0;0.08;0.98
8;32;30;1;0.03;0.99
8;32;31;-1;0.27;0.99
8;32;32;1;0.03;0.97
8;33;29;0;0.04;0.98
8;33;30;1;0.01;0.99
8;33;31;0;0.01;0.98
8;33;32;-1;0.01;0.99
8;34;29;0;0.01;0.97
8;34;30;1;0.02;0.99
8;34;31;0;0.01;0.99
8;34;32;1;0.01;0.98
8;35;29;0;0.01;0.99
8;35;30;1;0.02;0.97
8;35;31;1;0.01;0.98
8;35;32;-1;0.02;0.97
8;36;29;0;0.08;0.96
8;36;30;1;0.02;0.97
8;36;31;1;0.03;0.98
8;36;32;0;0.02;0.96
8;37;29;1;0.04;0.98
8;37;30;-1;0.01;0.99
8;37;31;-1;0.01;0.98
8;37;32;0;0.02;0.99
8;38;29;1;0.01;0.98
8;38;30;-1;0.01;0.99
8;38;31;-1;0.01;0.98
8;38;32;1;0.01;0.98
8;39;29;1;0.01;0.98
8;39;30;-1;0.01;0.99
8;39;31;0;0.01;0.99
8;39;32;-1;0.01;0.98
8;40;29;1;0.05;0.98
8;40;30;-1;0.01;0.99
8;40;31;0;0.01;0.98
8;40;32;1;0.02;0.99
8;41;29;1;0.01;0.97
8;41;30;-1;0.02;0.98
8;41;31;1;0.05;0.93
8;41;32;-1;0.02;0.98
8;42;29;1;0.02;0.98
8;42;30;-1;0.01;0.99
8;42;31;1;0.01;0.99
8;42;32;0;0.01;0.98
8;43;29;1;0.02;0.97
8;43;30;0;0.02;0.98
8;43;31;-1;0.02;0.98
8;43;32;0;0.01;0.97
8;44;29;1;0.02;0.97
8;44;30;0;0;0.98
8;44;31;-1;0.01;0.99
8;44;32;1;0.01;0.99
8;45;29;1;0;0.97
8;45;30;0;0.01;0.98
8;45;31;0;0.01;0.97
8;45;32;-1;0.04;0.99
8;46;29;1;0.02;0.97
8;46;30;0;0.01;0.98
8;46;31;0;0.02;0.98
8;46;32;1;0.01;0.97
8;47;29;1;0.03;0.99
8;47;30;0;0.01;0.99
8;47;31;1;0.01;0.98
8;47;32;-1;0.01;0.99
8;48;29;1;0.01;0.98
8;48;30;0;0.01;0.99
8;48;31;1;0.01;0.98
8;48;32;0;0.01;0.98
8;49;29;1;0.01;0.98
8;49;30;1;0.01;0.99
8;49;31;-1;0.01;0.99
8;49;32;0;0;0.98
8;50;29;1;0.02;0.99
8;50;30;1;0.01;0.98
8;50;31;-1;0.01;0.98
8;50;32;1;0.01;0.99
8;51;29;1;0.03;0.99
8;51;30;1;0.01;0.99
8;51;31;0;0.01;0.99
8;51;32;-1;0.01;0.99
8;52;29;1;0.02;0.99
8;52;30;1;0.03;0.99
8;52;31;0;0.03;0.97
8;52;32;1;0.14;0.97
8;53;29;1;0.01;0.97
8;53;30;1;0.01;0.99
8;53;31;1;0.01;0.99
8;53;32;-1;0.01;0.98
8;54;29;1;0.01;0.99
8;54;30;1;0.01;0.99
8;54;31;1;0.01;0.98
8;54;32;0;0.01;0.99
9;1;33;-1;0.01;0.99
9;1;34;-1;0.03;0.97
9;1;35;-1;0.01;0.99
9;1;36;0;0.02;0.97
9;2;33;-1;0.17;0.95
9;2;34;-1;0.22;0.67
9;2;35;-1;0.28;0.59
9;2;36;1;0.09;0.85
9;3;33;-1;0.07;0.83
9;3;34;-1;0.03;0.92
9;3;35;0;0.04;0.9
9;3;36;-1;0.08;0.82
9;4;33;-1;0.01;0.96
9;4;34;-1;0.03;0.96
9;4;35;0;0.02;0.98
9;4;36;1;0.06;0.92
9;5;33;-1;0.14;0.95
9;5;34;-1;0.14;0.93
9;5;35;1;0.08;0.79
9;5;36;-1;0.43;0.46
9;6;33;-1;0.09;0.93
9;6;34;-1;0.3;0.54
9;6;35;1;0.08;0.88
9;6;36;0;0.11;0.92
9;7;33;-1;0.02;0.98
9;7;34;0;0.01;0.97
9;7;35;-1;0.03;0.95
9;7;36;0;0.02;0.98
9;8;33;-1;0.02;0.94
9;8;34;0;0.02;0.93
9;8;35;-1;0.03;0.97
9;8;36;1;0.05;0.95
9;9;33;-1;0.04;0.97
9;9;34;0;0.02;0.97
9;9;35;0;0.02;0.97
9;9;36;-1;0.11;0.87
9;10;33;-1;0.16;0.77
9;10;34;0;0.05;0.98
9;10;35;0;0.04;0.97
9;10;36;1;0.04;0.98
9;11;33;-1;0.09;0.86
9;11;34;0;0.27;0.57
9;11;35;1;0.07;0.89
9;11;36;-1;0.06;0.9
9;12;33;-1;0.25;0.48
9;12;34;0;0.28;0.66
9;12;35;1;0.09;0.89
9;12;36;0;0.15;0.92
9;13;33;-1;0.03;0.97
9;13;34;1;0.05;0.96
9;13;35;-1;0.01;0.97
9;13;36;0;0.02;0.95
9;14;33;-1;0.11;0.98
9;14;34;1;0.43;0.59
9;14;35;-1;0.06;0.93
9;14;36;1;0.1;0.95
9;15;33;-1;0.43;0.93
9;15;34;1;0.1;0.98
9;15;35;0;0.11;0.97
9;15;36;-1;0.05;0.96
9;16;33;-1;0.14;0.97
9;16;34;1;0.53;0.23
9;16;35;0;0.15;0.98
9;16;36;1;0.14;0.95
9;17;33;-1;0.01;0.98
9;17;34;1;0.03;0.95
9;17;35;1;0.01;0.98
9;17;36;-1;0.01;0.97
9;18;33;-1;0.01;0.95
9;18;34;1;0.03;0.97
9;18;35;1;0.02;0.98
9;18;36;0;0.04;0.92
9;19;33;0;0.05;0.88
9;19;34;-1;0.26;0.72
9;19;35;-1;0.08;0.94
9;19;36;0;0.08;0.95
9;20;33;0;0.05;0.87
9;20;34;-1;0.08;0.85
9;20;35;-1;0.04;0.96
9;20;36;1;0.05;0.97
9;21;33;0;0.11;0.81
9;21;34;-1;0.05;0.93
9;21;35;0;0.04;0.95
9;21;36;-1;0.05;0.96
9;22;33;0;0.03;0.96
9;22;34;-1;0.06;0.96
9;22;35;0;0.03;0.97
9;22;36;1;0.05;0.95
9;23;33;0;0.05;0.89
9;23;34;-1;0.03;0.96
9;23;35;1;0.03;0.97
9;23;36;-1;0.06;0.96
9;24;33;0;0.04;0.87
9;24;34;-1;0.12;0.96
9;24;35;1;0.03;0.96
9;24;36;0;0.03;0.98
9;25;33;0;0.01;0.98
9;25;34;0;0.04;0.99
9;25;35;-1;0.01;0.99
9;25;36;0;0.02;0.97
9;26;33;0;0.07;0.89
9;26;34;0;0.04;0.95
9;26;35;-1;0.03;0.97
9;26;36;1;0.02;0.98
9;27;33;0;0.06;0.9
9;27;34;0;0.02;0.96
9;27;35;0;0.04;0.95
9;27;36;-1;0.03;0.93
9;28;33;0;0.18;0.74
9;28;34;0;0.05;0.9
9;28;35;0;0.06;0.96
9;28;36;1;0.05;0.96
9;29;33;0;0.02;0.98
9;29;34;0;0.06;0.91
9;29;35;1;0.02;0.97
9;29;36;-1;0.01;0.97
9;30;33;0;0.11;0.87
9;30;34;0;0.03;0.97
9;30;35;1;0.03;0.99
9;30;36;0;0.02;0.97
9;31;33;0;0.02;0.98
9;31;34;1;0.03;0.96
9;31;35;-1;0.03;0.97
9;31;36;0;0;0.97
9;32;33;0;0.03;0.98
9;32;34;1;0.05;0.89
9;32;35;-1;0.04;0.96
9;32;36;1;0.07;0.92
9;33;33;0;0.05;0.98
9;33;34;1;0.09;0.84
9;33;35;0;0.06;0.98
9;33;36;-1;0.03;0.94
9;34;33;0;0.04;0.98
9;34;34;1;0.01;0.95
9;34;35;0;0.04;0.98
9;34;36;1;0.1;0.93
9;35;33;0;0.2;0.71
9;35;34;1;0.07;0.98
9;35;35;1;0.05;0.96
9;35;36;-1;0.05;0.96
9;36;33;0;0.02;0.97
9;36;34;1;0.07;0.96
9;36;35;1;0.01;0.95
9;36;36;0;0.02;0.98
9;37;33;1;0.02;0.97
9;37;34;-1;0.02;0.98
9;37;35;-1;0.02;0.97
9;37;36;0;0.05;0.93
9;38;33;1;0.03;0.98
9;38;34;-1;0.04;0.96
9;38;35;-1;0.02;0.99
9;38;36;1;0.02;0.97
9;39;33;1;0.11;0.82
9;39;34;-1;0.06;0.94
9;39;35;0;0.03;0.97
9;39;36;-1;0.03;0.96
9;40;33;1;0.06;0.89
9;40;34;-1;0.07;0.88
9;40;35;0;0.03;0.97
9;40;36;1;0.03;0.97
9;41;33;1;0.05;0.93
9;41;34;-1;0.22;0.68
9;41;35;1;0.07;0.97
9;41;36;-1;0.06;0.97
9;42;33;1;0.04;0.88
9;42;34;-1;0.13;0.83
9;42;35;1;0.04;0.95
9;42;36;0;0.04;0.97
9;43;33;1;0.02;0.96
9;43;34;0;0.06;0.94
9;43;35;-1;0.02;0.98
9;43;36;0;0.02;0.95
9;44;33;1;0.08;0.88
9;44;34;0;0.03;0.97
9;44;35;-1;0.03;0.97
9;44;36;1;0.03;0.97
9;45;33;1;0.06;0.88
9;45;34;0;0.05;0.93
9;45;35;0;0.02;0.97
9;45;36;-1;0.03;0.95
9;46;33;1;0.07;0.87
9;46;34;0;0.05;0.94
9;46;35;0;0.03;0.98
9;46;36;1;0.04;0.93
9;47;33;1;0.09;0.82
9;47;34;0;0.04;0.93
9;47;35;1;0.06;0.98
9;47;36;-1;0.08;0.94
9;48;33;1;0.05;0.96
9;48;34;0;0.16;0.76
9;48;35;1;0.05;0.95
9;48;36;0;0.05;0.93
9;49;33;1;0.04;0.93
9;49;34;1;0.2;0.78
9;49;35;-1;0.05;0.96
9;49;36;0;0.06;0.9
9;50;33;1;0.04;0.97
9;50;34;1;0.14;0.87
9;50;35;-1;0.02;0.98
9;50;36;1;0.02;0.97
9;51;33;1;0.14;0.72
9;51;34;1;0.14;0.9
9;51;35;0;0.05;0.96
9;51;36;-1;0.06;0.93
9;52;33;1;0.05;0.98
9;52;34;1;0.11;0.86
9;52;35;0;0.02;0.98
9;52;36;1;0.04;0.92
9;53;33;1;0.03;0.97
9;53;34;1;0.08;0.91
9;53;35;1;0.03;0.98
9;53;36;-1;0.02;0.98
9;54;33;1;0.04;0.96
9;54;34;1;0.12;0.98
9;54;35;1;0.03;0.98
9;54;36;0;0.04;0.93
10;1;37;-1;0.39;0.25
10;1;38;-1;0.12;0.87
10;1;39;-1;0.37;0.27
10;1;40;0;0.13;0.87
10;2;37;-1;0.34;0.31
10;2;38;-1;0.13;0.79
10;2;39;-1;0.46;0.17
10;2;40;1;0.13;0.78
10;3;37;-1;0.41;0.36
10;3;38;-1;0.14;0.85
10;3;39;0;0.41;0.2
10;3;40;-1;0.11;0.79
10;4;37;-1;0.61;0.96
10;4;38;-1;0.09;0.98
10;4;39;0;0.21;0.99
10;4;40;1;0.07;0.99
10;5;37;-1;0.6;0.95
10;5;38;-1;0.2;0.99
10;5;39;1;0.22;0.99
10;5;40;-1;0.06;0.97
10;6;37;-1;0.29;0.91
10;6;38;-1;0.06;0.95
10;6;39;1;0.09;0.95
10;6;40;0;0.05;0.98
10;7;37;-1;0.21;0.94
10;7;38;0;0.12;0.83
10;7;39;-1;0.09;0.96
10;7;40;0;0.09;0.98
10;8;37;-1;0.4;0.82
10;8;38;0;0.04;0.88
10;8;39;-1;0.14;0.95
10;8;40;1;0.13;0.98
10;9;37;-1;0.08;0.98
10;9;38;0;0.01;0.98
10;9;39;0;0.03;0.99
10;9;40;-1;0.02;0.98
10;10;37;-1;0.13;0.96
10;10;38;0;0.02;0.98
10;10;39;0;0.02;0.97
10;10;40;1;0.03;0.97
10;11;37;-1;0.11;0.96
10;11;38;0;0.03;0.99
10;11;39;1;0.04;0.98
10;11;40;-1;0.03;0.97
10;12;37;-1;0.3;0.99
10;12;38;0;0.05;0.98
10;12;39;1;0.1;0.98
10;12;40;0;0.01;0.99
10;13;37;-1;0.04;0.97
10;13;38;1;0.03;0.98
10;13;39;-1;0.02;0.98
10;13;40;0;0.07;0.97
10;14;37;-1;0.22;0.93
10;14;38;1;0.09;0.98
10;14;39;-1;0.11;0.99
10;14;40;1;0.14;0.95
10;15;37;-1;0.05;0.99
10;15;38;1;0.08;0.97
10;15;39;0;0.02;0.98
10;15;40;-1;0.04;0.99
10;16;37;-1;0.12;0.96
10;16;38;1;0.04;0.96
10;16;39;0;0.06;0.97
10;16;40;1;0.08;0.92
10;17;37;-1;0.14;0.96
10;17;38;1;0.05;0.99
10;17;39;1;0.04;0.98
10;17;40;-1;0.04;0.98
10;18;37;-1;0.12;0.97
10;18;38;1;0.06;0.98
10;18;39;1;0.06;0.98
10;18;40;0;0.07;0.97
10;19;37;0;0.11;0.98
10;19;38;-1;0.07;0.99
10;19;39;-1;0.06;0.97
10;19;40;0;0.15;0.93
10;20;37;0;0.15;0.98
10;20;38;-1;0.05;0.98
10;20;39;-1;0.04;0.93
10;20;40;1;0.02;0.99
10;21;37;0;0.04;0.99
10;21;38;-1;0.02;0.99
10;21;39;0;0.01;0.98
10;21;40;-1;0.01;0.99
10;22;37;0;0.06;0.98
10;22;38;-1;0.01;0.98
10;22;39;0;0.01;0.96
10;22;40;1;0.01;0.97
10;23;37;0;0.12;0.98
10;23;38;-1;0.03;0.97
10;23;39;1;0.02;0.98
10;23;40;-1;0.02;0.99
10;24;37;0;0.13;0.96
10;24;38;-1;0.02;0.96
10;24;39;1;0.05;0.99
10;24;40;0;0.01;0.98
10;25;37;0;0.13;0.96
10;25;38;0;0.06;0.99
10;25;39;-1;0.07;0.99
10;25;40;0;0.1;0.97
10;26;37;0;0.09;0.96
10;26;38;0;0.08;0.98
10;26;39;-1;0.06;0.96
10;26;40;1;0.22;0.8
10;27;37;0;0.03;0.95
10;27;38;0;0.02;0.97
10;27;39;0;0.02;0.96
10;27;40;-1;0.02;0.99
10;28;37;0;0.12;0.95
10;28;38;0;0.14;0.98
10;28;39;0;0.28;0.94
10;28;40;1;0.28;0.9
10;29;37;0;0.11;0.94
10;29;38;0;0.05;0.97
10;29;39;1;0.04;0.98
10;29;40;-1;0.01;0.97
10;30;37;0;0.03;0.98
10;30;38;0;0.01;0.98
10;30;39;1;0.02;0.99
10;30;40;0;0.01;0.98
10;31;37;0;0.06;0.92
10;31;38;1;0.01;0.97
10;31;39;-1;0.02;0.98
10;31;40;0;0.02;0.96
10;32;37;0;0.06;0.96
10;32;38;1;0;0.98
10;32;39;-1;0.01;0.98
10;32;40;1;0.01;0.99
10;33;37;0;0.03;0.97
10;33;38;1;0.03;0.98
10;33;39;0;0.01;0.96
10;33;40;-1;0.06;0.97
10;34;37;0;0.08;0.94
10;34;38;1;0.15;0.95
10;34;39;0;0.08;0.89
10;34;40;1;0.54;0.48
10;35;37;0;0.02;0.97
10;35;38;1;0.03;0.99
10;35;39;1;0.01;0.98
10;35;40;-1;0.05;0.97
10;36;37;0;0.07;0.94
10;36;38;1;0.01;0.99
10;36;39;1;0.03;0.99
10;36;40;0;0.01;0.97
10;37;37;1;0.07;0.91
10;37;38;-1;0.03;0.97
10;37;39;-1;0.04;0.92
10;37;40;0;0.01;0.94
10;38;37;1;0.04;0.97
10;38;38;-1;0.02;0.97
10;38;39;-1;0.01;0.98
10;38;40;1;0.02;0.99
10;39;37;1;0.06;0.97
10;39;38;-1;0.02;0.99
10;39;39;0;0.01;0.97
10;39;40;-1;0.02;0.98
10;40;37;1;0.03;0.96
10;40;38;-1;0.02;0.97
10;40;39;0;0.05;0.93
10;40;40;1;0.02;0.98
10;41;37;1;0.04;0.94
10;41;38;-1;0.02;0.99
10;41;39;1;0.01;0.98
10;41;40;-1;0.01;0.97
10;42;37;1;0.14;0.95
10;42;38;-1;0.03;0.98
10;42;39;1;0.04;0.98
10;42;40;0;0.01;0.98
10;43;37;1;0.06;0.98
10;43;38;0;0.02;0.99
10;43;39;-1;0.02;0.97
10;43;40;0;0.02;0.96
10;44;37;1;0.06;0.98
10;44;38;0;0.02;0.99
10;44;39;-1;0.02;0.98
10;44;40;1;0.01;0.98
10;45;37;1;0.02;0.96
10;45;38;0;0.03;0.97
10;45;39;0;0.04;0.96
10;45;40;-1;0.12;0.94
10;46;37;1;0.14;0.94
10;46;38;0;0.07;0.96
10;46;39;0;0.09;0.97
10;46;40;1;0.16;0.89
10;47;37;1;0.03;0.97
10;47;38;0;0.01;0.99
10;47;39;1;0.01;0.99
10;47;40;-1;0.01;0.98
10;48;37;1;0.03;0.96
10;48;38;0;0.03;0.97
10;48;39;1;0.01;0.95
10;48;40;0;0.04;0.95
10;49;37;1;0.02;0.96
10;49;38;1;0.05;0.98
10;49;39;-1;0.03;0.97
10;49;40;0;0.13;0.9
10;50;37;1;0.02;0.95
10;50;38;1;0.06;0.99
10;50;39;-1;0.09;0.98
10;50;40;1;0.09;0.97
10;51;37;1;0.03;0.98
10;51;38;1;0.02;0.96
10;51;39;0;0.02;0.97
10;51;40;-1;0.01;0.98
10;52;37;1;0.04;0.97
10;52;38;1;0.02;0.98
10;52;39;0;0.02;0.98
10;52;40;1;0.02;0.99
10;53;37;1;0.01;0.98
10;53;38;1;0.01;0.99
10;53;39;1;0.01;0.97
10;53;40;-1;0.01;0.97
10;54;37;1;0.07;0.98
10;54;38;1;0.05;0.91
10;54;39;1;0.05;0.96
10;54;40;0;0.05;0.88
11;1;41;-1;0.05;0.98
11;1;42;-1;0.01;0.95
11;1;43;-1;0.04;0.98
11;1;44;0;0.03;0.99
11;2;41;-1;0.08;0.99
11;2;42;-1;0.03;0.99
11;2;43;-1;0.01;0.99
11;2;44;1;0.02;0.99
11;3;41;-1;0.21;0.77
11;3;42;-1;0.05;0.96
11;3;43;0;0.05;0.96
11;3;44;-1;0.05;0.98
11;4;41;-1;0.17;0.78
11;4;42;-1;0.04;0.98
11;4;43;0;0.05;0.97
11;4;44;1;0.04;0.97
11;5;41;-1;0.13;0.86
11;5;42;-1;0.02;0.98
11;5;43;1;0.03;0.99
11;5;44;-1;0.04;0.98
11;6;41;-1;0.2;0.8
11;6;42;-1;0.06;0.96
11;6;43;1;0.05;0.92
11;6;44;0;0.06;0.94
11;7;41;-1;0.51;0.95
11;7;42;0;0.19;0.97
11;7;43;-1;0.05;0.88
11;7;44;0;0.06;0.98
11;8;41;-1;0.05;0.96
11;8;42;0;0.04;0.94
11;8;43;-1;0.07;0.92
11;8;44;1;0.03;0.96
11;9;41;-1;0.02;0.96
11;9;42;0;0.02;0.97
11;9;43;0;0.02;0.98
11;9;44;-1;0.01;0.98
11;10;41;-1;0.39;0.48
11;10;42;0;0.06;0.92
11;10;43;0;0.1;0.95
11;10;44;1;0.12;0.96
11;11;41;-1;0.06;0.96
11;11;42;0;0.03;0.97
11;11;43;1;0.04;0.98
11;11;44;-1;0.06;0.97
11;12;41;-1;0.13;0.95
11;12;42;0;0.03;0.98
11;12;43;1;0.04;0.97
11;12;44;0;0.04;0.96
11;13;41;-1;0.04;0.95
11;13;42;1;0.03;0.97
11;13;43;-1;0.06;0.9
11;13;44;0;0.02;0.97
11;14;41;-1;0.02;0.98
11;14;42;1;0.01;0.97
11;14;43;-1;0.02;0.97
11;14;44;1;0.01;0.98
11;15;41;-1;0.06;0.87
11;15;42;1;0.05;0.89
11;15;43;0;0.07;0.9
11;15;44;-1;0.07;0.92
11;16;41;-1;0.02;0.97
11;16;42;1;0.02;0.95
11;16;43;0;0.02;0.96
11;16;44;1;0.02;0.97
11;17;41;-1;0.05;0.91
11;17;42;1;0.05;0.96
11;17;43;1;0.04;0.9
11;17;44;-1;0.03;0.97
11;18;41;-1;0.04;0.94
11;18;42;1;0.04;0.95
11;18;43;1;0.02;0.98
11;18;44;0;0.01;0.96
11;19;41;0;0.04;0.96
11;19;42;-1;0.02;0.97
11;19;43;-1;0.02;0.96
11;19;44;0;0.05;0.97
11;20;41;0;0.39;0.4
11;20;42;-1;0.07;0.85
11;20;43;-1;0.09;0.87
11;20;44;1;0.08;0.82
11;21;41;0;0.3;0.85
11;21;42;-1;0.04;0.97
11;21;43;0;0.09;0.94
11;21;44;-1;0.08;0.97
11;22;41;0;0.03;0.95
11;22;42;-1;0.03;0.98
11;22;43;0;0.02;0.98
11;22;44;1;0.02;0.97
11;23;41;0;0.03;0.95
11;23;42;-1;0.02;0.98
11;23;43;1;0.02;0.95
11;23;44;-1;0.01;0.97
11;24;41;0;0.11;0.92
11;24;42;-1;0.03;0.97
11;24;43;1;0.01;0.94
11;24;44;0;0.03;0.97
11;25;41;0;0.02;0.97
11;25;42;0;0.02;0.98
11;25;43;-1;0.01;0.99
11;25;44;0;0.01;0.99
11;26;41;0;0.03;0.93
11;26;42;0;0.03;0.97
11;26;43;-1;0.03;0.94
11;26;44;1;0.02;0.97
11;27;41;0;0.02;0.97
11;27;42;0;0.02;0.99
11;27;43;0;0.01;0.98
11;27;44;-1;0.05;0.98
11;28;41;0;0.13;0.89
11;28;42;0;0.04;0.96
11;28;43;0;0.01;0.94
11;28;44;1;0.04;0.97
11;29;41;0;0.53;0.23
11;29;42;0;0.1;0.89
11;29;43;1;0.08;0.88
11;29;44;-1;0.16;0.94
11;30;41;0;0.02;0.96
11;30;42;0;0.03;0.98
11;30;43;1;0.02;0.97
11;30;44;0;0.03;0.95
11;31;41;0;0.11;0.92
11;31;42;1;0.04;0.96
11;31;43;-1;0.04;0.96
11;31;44;0;0.03;0.98
11;32;41;0;0.19;0.75
11;32;42;1;0.04;0.96
11;32;43;-1;0.05;0.97
11;32;44;1;0.04;0.96
11;33;41;0;0.54;0.28
11;33;42;1;0.09;0.86
11;33;43;0;0.2;0.96
11;33;44;-1;0.19;0.96
11;34;41;0;0.03;0.97
11;34;42;1;0.02;0.98
11;34;43;0;0.01;0.98
11;34;44;1;0.04;0.95
11;35;41;0;0.03;0.93
11;35;42;1;0.01;0.95
11;35;43;1;0.05;0.93
11;35;44;-1;0.04;0.91
11;36;41;0;0.22;0.75
11;36;42;1;0.04;0.94
11;36;43;1;0.04;0.95
11;36;44;0;0.06;0.96
11;37;41;1;0.04;0.94
11;37;42;-1;0.12;0.93
11;37;43;-1;0.03;0.96
11;37;44;0;0.05;0.98
11;38;41;1;0.54;0.2
11;38;42;-1;0.12;0.91
11;38;43;-1;0.12;0.81
11;38;44;1;0.18;0.95
11;39;41;1;0.54;0.27
11;39;42;-1;0.07;0.78
11;39;43;0;0.11;0.86
11;39;44;-1;0.06;0.78
11;40;41;1;0.25;0.77
11;40;42;-1;0.1;0.97
11;40;43;0;0.06;0.93
11;40;44;1;0.11;0.91
11;41;41;1;0.16;0.64
11;41;42;-1;0.07;0.75
11;41;43;1;0.11;0.7
11;41;44;-1;0.19;0.6
11;42;41;1;0.02;0.92
11;42;42;-1;0.21;0.97
11;42;43;1;0.05;0.97
11;42;44;0;0.05;0.95
11;43;41;1;0.51;0.43
11;43;42;0;0.14;0.79
11;43;43;-1;0.16;0.83
11;43;44;0;0.16;0.87
11;44;41;1;0.53;0.15
11;44;42;0;0.14;0.9
11;44;43;-1;0.18;0.93
11;44;44;1;0.14;0.95
11;45;41;1;0.43;0.35
11;45;42;0;0.13;0.93
11;45;43;0;0.09;0.93
11;45;44;-1;0.11;0.91
11;46;41;1;0.54;0.2
11;46;42;0;0.12;0.92
11;46;43;0;0.11;0.92
11;46;44;1;0.1;0.84
11;47;41;1;0.31;0.54
11;47;42;0;0.1;0.92
11;47;43;1;0.06;0.9
11;47;44;-1;0.11;0.93
11;48;41;1;0.16;0.92
11;48;42;0;0.04;0.98
11;48;43;1;0.03;0.95
11;48;44;0;0.03;0.97
11;49;41;1;0.19;0.73
11;49;42;1;0.05;0.96
11;49;43;-1;0.02;0.94
11;49;44;0;0.06;0.96
11;50;41;1;0.64;0.14
11;50;42;1;0.17;0.96
11;50;43;-1;0.17;0.95
11;50;44;1;0.15;0.94
11;51;41;1;0.37;0.46
11;51;42;1;0.09;0.91
11;51;43;0;0.09;0.94
11;51;44;-1;0.09;0.94
11;52;41;1;0.6;0.1
11;52;42;1;0.14;0.92
11;52;43;0;0.13;0.9
11;52;44;1;0.17;0.93
11;53;41;1;0.51;0.22
11;53;42;1;0.15;0.94
11;53;43;1;0.05;0.78
11;53;44;-1;0.12;0.9
11;54;41;1;0.03;0.94
11;54;42;1;0.03;0.97
11;54;43;1;0.02;0.95
11;54;44;0;0.02;0.98
12;1;45;-1;0.09;0.97
12;1;46;-1;0.08;0.97
12;1;47;-1;0.3;0.7
12;1;48;0;0.07;0.96
12;2;45;-1;0.05;0.99
12;2;46;-1;0.02;0.99
12;2;47;-1;0.01;0.96
12;2;48;1;0.01;0.99
12;3;45;-1;0.07;0.98
12;3;46;-1;0.01;0.99
12;3;47;0;0.02;0.99
12;3;48;-1;0.01;0.99
12;4;45;-1;0.03;0.99
12;4;46;-1;0.01;0.99
12;4;47;0;0;0.99
12;4;48;1;0.01;0.99
12;5;45;-1;0.01;0.98
12;5;46;-1;0.01;0.98
12;5;47;1;0.01;0.98
12;5;48;-1;0.01;0.99
12;6;45;-1;0.01;0.99
12;6;46;-1;0;0.99
12;6;47;1;0.01;0.99
12;6;48;0;0.01;0.99
12;7;45;-1;0.01;0.98
12;7;46;0;0.01;0.98
12;7;47;-1;0.01;0.98
12;7;48;0;0.01;0.98
12;8;45;-1;0.01;0.99
12;8;46;0;0;0.98
12;8;47;-1;0.01;0.98
12;8;48;1;0.01;0.98
12;9;45;-1;0.02;0.99
12;9;46;0;0.01;0.99
12;9;47;0;0;0.98
12;9;48;-1;0.01;0.98
12;10;45;-1;0.01;0.99
12;10;46;0;0.03;0.96
12;10;47;0;0.01;0.98
12;10;48;1;0.01;0.99
12;11;45;-1;0.01;0.99
12;11;46;0;0;0.99
12;11;47;1;0.01;0.99
12;11;48;-1;0;0.99
12;12;45;-1;0;0.98
12;12;46;0;0;1
12;12;47;1;0.01;0.99
12;12;48;0;0.01;0.99
12;13;45;-1;0;1
12;13;46;1;0;0.99
12;13;47;-1;0.01;0.99
12;13;48;0;0;0.99
12;14;45;-1;0;1
12;14;46;1;0;0.99
12;14;47;-1;0.01;0.99
12;14;48;1;0;0.99
12;15;45;-1;0.01;0.99
12;15;46;1;0.02;0.98
12;15;47;0;0.01;0.98
12;15;48;-1;0.01;0.98
12;16;45;-1;0;0.99
12;16;46;1;0.01;1
12;16;47;0;0.01;1
12;16;48;1;0;0.99
12;17;45;-1;0.01;0.99
12;17;46;1;0.02;0.98
12;17;47;1;0.01;0.99
12;17;48;-1;0.01;0.99
12;18;45;-1;0;0.99
12;18;46;1;0;0.99
12;18;47;1;0;0.99
12;18;48;0;0.01;0.99
12;19;45;0;0.01;0.98
12;19;46;-1;0.01;0.99
12;19;47;-1;0.01;0.99
12;19;48;0;0.01;1
12;20;45;0;0.03;0.98
12;20;46;-1;0;0.99
12;20;47;-1;0.01;0.99
12;20;48;1;0.01;0.99
12;21;45;0;0.01;0.99
12;21;46;-1;0;0.99
12;21;47;0;0.01;0.99
12;21;48;-1;0;0.99
12;22;45;0;0.08;0.99
12;22;46;-1;0.01;1
12;22;47;0;0.03;1
12;22;48;1;0.01;0.99
12;23;45;0;0.01;1
12;23;46;-1;0;1
12;23;47;1;0.01;1
12;23;48;-1;0;0.99
12;24;45;0;0.01;0.99
12;24;46;-1;0.01;0.99
12;24;47;1;0;1
12;24;48;0;0;0.99
12;25;45;0;0.01;0.99
12;25;46;0;0;0.99
12;25;47;-1;0.01;0.99
12;25;48;0;0;0.99
12;26;45;0;0.01;0.99
12;26;46;0;0.03;0.99
12;26;47;-1;0.01;0.99
12;26;48;1;0.01;1
12;27;45;0;0.01;0.99
12;27;46;0;0.05;0.97
12;27;47;0;0.01;0.98
12;27;48;-1;0.02;0.99
12;28;45;0;0.01;0.99
12;28;46;0;0;0.99
12;28;47;0;0.02;0.99
12;28;48;1;0.01;0.99
12;29;45;0;0.01;0.99
12;29;46;0;0.02;0.99
12;29;47;1;0.02;0.99
12;29;48;-1;0.01;0.99
12;30;45;0;0.08;0.99
12;30;46;0;0.01;0.99
12;30;47;1;0.24;0.99
12;30;48;0;0.05;0.99
12;31;45;0;0.27;0.99
12;31;46;1;0.02;0.99
12;31;47;-1;0.09;0.99
12;31;48;0;0.04;0.99
12;32;45;0;0;0.99
12;32;46;1;0;1
12;32;47;-1;0.01;0.99
12;32;48;1;0;0.99
12;33;45;0;0;1
12;33;46;1;0.01;0.99
12;33;47;0;0.01;0.99
12;33;48;-1;0;0.99
12;34;45;0;0.01;0.98
12;34;46;1;0.02;1
12;34;47;0;0.03;0.99
12;34;48;1;0.01;0.99
12;35;45;0;0.03;0.99
12;35;46;1;0.05;0.95
12;35;47;1;0.03;0.99
12;35;48;-1;0.06;0.99
12;36;45;0;0;0.99
12;36;46;1;0;0.99
12;36;47;1;0;0.99
12;36;48;0;0;0.99
12;37;45;1;0.01;0.99
12;37;46;-1;0;0.99
12;37;47;-1;0.01;0.99
12;37;48;0;0;0.99
12;38;45;1;0;0.99
12;38;46;-1;0.01;0.99
12;38;47;-1;0.01;0.99
12;38;48;1;0;0.99
12;39;45;1;0.01;0.99
12;39;46;-1;0.01;0.99
12;39;47;0;0;0.99
12;39;48;-1;0;0.99
12;40;45;1;0.01;0.97
12;40;46;-1;0.02;0.98
12;40;47;0;0.07;0.94
12;40;48;1;0.02;0.99
12;41;45;1;0;0.99
12;41;46;-1;0.01;0.99
12;41;47;1;0;1
12;41;48;-1;0;0.99
12;42;45;1;0;0.99
12;42;46;-1;0;0.99
12;42;47;1;0.01;0.99
12;42;48;0;0.01;0.99
12;43;45;1;0.01;0.97
12;43;46;0;0.02;0.99
12;43;47;-1;0.04;0.96
12;43;48;0;0.01;0.99
12;44;45;1;0.06;0.97
12;44;46;0;0.05;0.97
12;44;47;-1;0.16;0.79
12;44;48;1;0.06;0.98
12;45;45;1;0.03;0.95
12;45;46;0;0.02;0.97
12;45;47;0;0.01;0.98
12;45;48;-1;0.01;0.98
12;46;45;1;0.02;0.97
12;46;46;0;0.02;0.97
12;46;47;0;0.01;0.98
12;46;48;1;0.01;0.99
12;47;45;1;0.01;0.99
12;47;46;0;0.01;0.99
12;47;47;1;0.01;0.99
12;47;48;-1;0.01;0.99
12;48;45;1;0.08;0.91
12;48;46;0;0.04;0.99
12;48;47;1;0.02;0.97
12;48;48;0;0.04;0.95
12;49;45;1;0.02;0.95
12;49;46;1;0.02;0.96
12;49;47;-1;0.01;0.99
12;49;48;0;0.02;0.98
12;50;45;1;0.03;0.94
12;50;46;1;0.01;0.96
12;50;47;-1;0.01;0.98
12;50;48;1;0.02;0.97
12;51;45;1;0.02;0.97
12;51;46;1;0.01;0.97
12;51;47;0;0.03;0.96
12;51;48;-1;0.01;0.98
12;52;45;1;0.06;0.92
12;52;46;1;0.01;0.98
12;52;47;0;0.02;0.96
12;52;48;1;0.03;0.99
12;53;45;1;0.02;0.97
12;53;46;1;0.02;0.98
12;53;47;1;0.03;0.96
12;53;48;-1;0.02;0.97
12;54;45;1;0.66;0.96
12;54;46;1;0.09;0.99
12;54;47;1;0.23;0.99
12;54;48;0;0.1;0.99
13;1;49;-1;0.77;0.91
13;1;50;-1;0.22;0.9
13;1;51;-1;0.23;0.91
13;1;52;0;0.08;0.82
13;2;49;-1;0.14;0.86
13;2;50;-1;0.26;0.66
13;2;51;-1;0.12;0.93
13;2;52;1;0.11;0.75
13;3;49;-1;0.01;0.97
13;3;50;-1;0.02;0.96
13;3;51;0;0.02;0.96
13;3;52;-1;0.02;0.96
13;4;49;-1;0.07;0.97
13;4;50;-1;0.06;0.96
13;4;51;0;0.05;0.94
13;4;52;1;0.22;0.67
13;5;49;-1;0.05;0.93
13;5;50;-1;0.03;0.95
13;5;51;1;0.02;0.96
13;5;52;-1;0.03;0.97
13;6;49;-1;0.07;0.91
13;6;50;-1;0.05;0.89
13;6;51;1;0.11;0.91
13;6;52;0;0.27;0.77
13;7;49;-1;0.12;0.83
13;7;50;0;0.05;0.95
13;7;51;-1;0.03;0.96
13;7;52;0;0.08;0.96
13;8;49;-1;0.2;0.79
13;8;50;0;0.05;0.87
13;8;51;-1;0.06;0.85
13;8;52;1;0.03;0.89
13;9;49;-1;0.06;0.94
13;9;50;0;0.14;0.96
13;9;51;0;0.05;0.93
13;9;52;-1;0.07;0.97
13;10;49;-1;0.06;0.95
13;10;50;0;0.17;0.96
13;10;51;0;0.07;0.93
13;10;52;1;0.04;0.96
13;11;49;-1;0.06;0.94
13;11;50;0;0.04;0.9
13;11;51;1;0.02;0.96
13;11;52;-1;0.03;0.95
13;12;49;-1;0.1;0.92
13;12;50;0;0.04;0.95
13;12;51;1;0.01;0.94
13;12;52;0;0.03;0.97
13;13;49;-1;0.12;0.88
13;13;50;1;0.05;0.94
13;13;51;-1;0.02;0.95
13;13;52;0;0.03;0.96
13;14;49;-1;0.05;0.92
13;14;50;1;0.08;0.91
13;14;51;-1;0.09;0.84
13;14;52;1;0.05;0.94
13;15;49;-1;0.11;0.87
13;15;50;1;0.05;0.93
13;15;51;0;0.05;0.9
13;15;52;-1;0.06;0.93
13;16;49;-1;0.18;0.93
13;16;50;1;0.07;0.93
13;16;51;0;0.06;0.88
13;16;52;1;0.07;0.96
13;17;49;-1;0.09;0.95
13;17;50;1;0.03;0.94
13;17;51;1;0.02;0.92
13;17;52;-1;0.05;0.96
13;18;49;-1;0.72;0.92
13;18;50;1;0.23;0.96
13;18;51;1;0.12;0.89
13;18;52;0;0.13;0.93
13;19;49;0;0.06;0.96
13;19;50;-1;0.04;0.96
13;19;51;-1;0.03;0.93
13;19;52;0;0.04;0.98
13;20;49;0;0.1;0.91
13;20;50;-1;0.05;0.91
13;20;51;-1;0.03;0.95
13;20;52;1;0.04;0.94
13;21;49;0;0.13;0.94
13;21;50;-1;0.05;0.92
13;21;51;0;0.12;0.75
13;21;52;-1;0.07;0.95
13;22;49;0;0.14;0.95
13;22;50;-1;0.02;0.97
13;22;51;0;0.03;0.98
13;22;52;1;0.03;0.97
13;23;49;0;0.04;0.97
13;23;50;-1;0.01;0.94
13;23;51;1;0.05;0.94
13;23;52;-1;0.02;0.93
13;24;49;0;0.03;0.98
13;24;50;-1;0.03;0.94
13;24;51;1;0.02;0.94
13;24;52;0;0.02;0.96
13;25;49;0;0.06;0.95
13;25;50;0;0.03;0.95
13;25;51;-1;0.02;0.93
13;25;52;0;0.03;0.96
13;26;49;0;0.1;0.93
13;26;50;0;0.06;0.86
13;26;51;-1;0.1;0.95
13;26;52;1;0.03;0.9
13;27;49;0;0.1;0.93
13;27;50;0;0.02;0.97
13;27;51;0;0.03;0.94
13;27;52;-1;0.04;0.93
13;28;49;0;0.22;0.94
13;28;50;0;0.02;0.89
13;28;51;0;0.07;0.95
13;28;52;1;0.07;0.98
13;29;49;0;0.05;0.89
13;29;50;0;0.03;0.95
13;29;51;1;0.04;0.96
13;29;52;-1;0.07;0.94
13;30;49;0;0.1;0.86
13;30;50;0;0.21;0.87
13;30;51;1;0.07;0.87
13;30;52;0;0.31;0.56
13;31;49;0;0.05;0.97
13;31;50;1;0.09;0.84
13;31;51;-1;0.05;0.96
13;31;52;0;0.05;0.92
13;32;49;0;0.15;0.96
13;32;50;1;0.1;0.97
13;32;51;-1;0.1;0.96
13;32;52;1;0.18;0.84
13;33;49;0;0.1;0.95
13;33;50;1;0.02;0.93
13;33;51;0;0.04;0.97
13;33;52;-1;0.05;0.98
13;34;49;0;0.1;0.94
13;34;50;1;0.04;0.96
13;34;51;0;0.03;0.95
13;34;52;1;0.04;0.95
13;35;49;0;0.1;0.85
13;35;50;1;0.04;0.93
13;35;51;1;0.02;0.94
13;35;52;-1;0.04;0.95
13;36;49;0;0.02;0.97
13;36;50;1;0.05;0.92
13;36;51;1;0.01;0.96
13;36;52;0;0.02;0.97
13;37;49;1;0.08;0.93
13;37;50;-1;0.05;0.96
13;37;51;-1;0.04;0.94
13;37;52;0;0.02;0.95
13;38;49;1;0.03;0.96
13;38;50;-1;0.03;0.94
13;38;51;-1;0.02;0.97
13;38;52;1;0.05;0.95
13;39;49;1;0.11;0.96
13;39;50;-1;0.03;0.95
13;39;51;0;0.05;0.95
13;39;52;-1;0.05;0.97
13;40;49;1;0.08;0.92
13;40;50;-1;0.03;0.96
13;40;51;0;0.05;0.93
13;40;52;1;0.03;0.95
13;41;49;1;0.05;0.94
13;41;50;-1;0.2;0.7
13;41;51;1;0.05;0.91
13;41;52;-1;0.06;0.96
13;42;49;1;0.02;0.96
13;42;50;-1;0.03;0.91
13;42;51;1;0.05;0.91
13;42;52;0;0.05;0.93
13;43;49;1;0.05;0.95
13;43;50;0;0.03;0.98
13;43;51;-1;0.03;0.92
13;43;52;0;0.03;0.98
13;44;49;1;0.14;0.94
13;44;50;0;0.04;0.94
13;44;51;-1;0.06;0.95
13;44;52;1;0.09;0.95
13;45;49;1;0.04;0.95
13;45;50;0;0.05;0.91
13;45;51;0;0.05;0.92
13;45;52;-1;0.03;0.96
13;46;49;1;0.13;0.9
13;46;50;0;0.07;0.96
13;46;51;0;0.06;0.95
13;46;52;1;0.05;0.94
13;47;49;1;0.13;0.93
13;47;50;0;0.02;0.95
13;47;51;1;0.03;0.96
13;47;52;-1;0.05;0.97
13;48;49;1;0.1;0.91
13;48;50;0;0.05;0.95
13;48;51;1;0.04;0.96
13;48;52;0;0.01;0.94
13;49;49;1;0.09;0.96
13;49;50;1;0.03;0.96
13;49;51;-1;0.02;0.94
13;49;52;0;0.04;0.95
13;50;49;1;0.04;0.97
13;50;50;1;0.02;0.96
13;50;51;-1;0.02;0.96
13;50;52;1;0.03;0.94
13;51;49;1;0.21;0.96
13;51;50;1;0.19;0.96
13;51;51;0;0.84;0.87
13;51;52;-1;0.2;0.95
13;52;49;1;0.13;0.94
13;52;50;1;0.05;0.96
13;52;51;0;0.04;0.95
13;52;52;1;0.03;0.96
13;53;49;1;0.06;0.97
13;53;50;1;0.03;0.95
13;53;51;1;0.03;0.94
13;53;52;-1;0.02;0.92
13;54;49;1;0.2;0.96
13;54;50;1;0.03;0.94
13;54;51;1;0.05;0.95
13;54;52;0;0.05;0.97
14;1;53;-1;0.01;0.99
14;1;54;-1;0;1
14;1;55;-1;0.01;1
14;1;56;0;0.01;1
14;2;53;-1;0.01;1
14;2;54;-1;0.01;0.99
14;2;55;-1;0.01;1
14;2;56;1;0.01;1
14;3;53;-1;0.07;0.99
14;3;54;-1;0.25;0.67
14;3;55;0;0.07;0.98
14;3;56;-1;0.07;0.99
14;4;53;-1;0.03;0.99
14;4;54;-1;0.09;0.9
14;4;55;0;0.02;0.98
14;4;56;1;0.02;0.99
14;5;53;-1;0;1
14;5;54;-1;0;1
14;5;55;1;0;1
14;5;56;-1;0;1
14;6;53;-1;0;0.99
14;6;54;-1;0.01;1
14;6;55;1;0.01;0.99
14;6;56;0;0;1
14;7;53;-1;0;1
14;7;54;0;0;0.99
14;7;55;-1;0;0.99
14;7;56;0;0;1
14;8;53;-1;0;1
14;8;54;0;0;0.99
14;8;55;-1;0.01;0.99
14;8;56;1;0.01;1
14;9;53;-1;0;0.99
14;9;54;0;0;0.99
14;9;55;0;0;0.99
14;9;56;-1;0;1
14;10;53;-1;0;1
14;10;54;0;0;0.99
14;10;55;0;0;1
14;10;56;1;0.01;0.99
14;11;53;-1;0.01;0.99
14;11;54;0;0.01;0.99
14;11;55;1;0;0.99
14;11;56;-1;0.01;0.99
14;12;53;-1;0.01;1
14;12;54;0;0;1
14;12;55;1;0.01;1
14;12;56;0;0.01;0.99
14;13;53;-1;0.01;0.99
14;13;54;1;0;0.99
14;13;55;-1;0.01;0.98
14;13;56;0;0;0.99
14;14;53;-1;0.02;0.96
14;14;54;1;0.01;0.99
14;14;55;-1;0.01;0.99
14;14;56;1;0.01;0.99
14;15;53;-1;0;0.99
14;15;54;1;0;0.99
14;15;55;0;0.01;0.98
14;15;56;-1;0.01;0.99
14;16;53;-1;0.01;0.99
14;16;54;1;0.01;0.99
14;16;55;0;0.01;0.99
14;16;56;1;0;0.99
14;17;53;-1;0.01;0.99
14;17;54;1;0;1
14;17;55;1;0.01;0.98
14;17;56;-1;0;0.99
14;18;53;-1;0;1
14;18;54;1;0.01;0.99
14;18;55;1;0;0.99
14;18;56;0;0;0.99
14;19;53;0;0.01;0.99
14;19;54;-1;0.02;0.99
14;19;55;-1;0.02;0.98
14;19;56;0;0;0.99
14;20;53;0;0.01;0.99
14;20;54;-1;0.01;0.99
14;20;55;-1;0.01;0.99
14;20;56;1;0.01;0.99
14;21;53;0;0.01;0.99
14;21;54;-1;0.01;0.99
14;21;55;0;0.05;0.98
14;21;56;-1;0.01;0.99
14;22;53;0;0;0.98
14;22;54;-1;0.01;0.99
14;22;55;0;0.03;0.98
14;22;56;1;0.01;0.98
14;23;53;0;0.01;0.99
14;23;54;-1;0.01;0.99
14;23;55;1;0;0.98
14;23;56;-1;0;0.99
14;24;53;0;0.01;0.98
14;24;54;-1;0.01;0.99
14;24;55;1;0.01;0.99
14;24;56;0;0;0.99
14;25;53;0;0.35;0.98
14;25;54;0;0.02;0.99
14;25;55;-1;0.08;0.99
14;25;56;0;0.12;0.99
14;26;53;0;0.02;0.96
14;26;54;0;0.01;0.99
14;26;55;-1;0.03;0.98
14;26;56;1;0.01;0.99
14;27;53;0;0.01;0.99
14;27;54;0;0.03;0.99
14;27;55;0;0.01;1
14;27;56;-1;0.01;1
14;28;53;0;0.01;0.99
14;28;54;0;0.01;0.99
14;28;55;0;0.01;0.99
14;28;56;1;0.01;1
14;29;53;0;0.01;0.99
14;29;54;0;0.02;0.99
14;29;55;1;0.04;0.99
14;29;56;-1;0.01;0.99
14;30;53;0;0.01;0.99
14;30;54;0;0.01;0.99
14;30;55;1;0.04;0.99
14;30;56;0;0.01;0.99
14;31;53;0;0.01;0.99
14;31;54;1;0;1
14;31;55;-1;0.01;1
14;31;56;0;0;0.99
14;32;53;0;0;0.99
14;32;54;1;0.01;0.99
14;32;55;-1;0.01;0.99
14;32;56;1;0;0.99
14;33;53;0;0;0.98
14;33;54;1;0.01;0.99
14;33;55;0;0.04;0.99
14;33;56;-1;0.01;0.99
14;34;53;0;0.03;0.97
14;34;54;1;0.01;0.99
14;34;55;0;0.02;0.98
14;34;56;1;0;0.99
14;35;53;0;0.03;0.98
14;35;54;1;0.03;0.99
14;35;55;1;0.01;0.97
14;35;56;-1;0.08;0.99
14;36;53;0;0.01;0.99
14;36;54;1;0;0.99
14;36;55;1;0.01;0.99
14;36;56;0;0.01;0.99
14;37;53;1;0.02;0.98
14;37;54;-1;0.02;0.99
14;37;55;-1;0.06;0.98
14;37;56;0;0.02;0.98
14;38;53;1;0.01;0.98
14;38;54;-1;0.01;0.99
14;38;55;-1;0.04;0.97
14;38;56;1;0.01;0.99
14;39;53;1;0.01;0.98
14;39;54;-1;0.01;0.99
14;39;55;0;0.01;0.99
14;39;56;-1;0;0.98
14;40;53;1;0.02;0.99
14;40;54;-1;0.02;0.99
14;40;55;0;0.09;0.96
14;40;56;1;0.01;0.99
14;41;53;1;0.01;0.98
14;41;54;-1;0.03;0.98
14;41;55;1;0.02;0.98
14;41;56;-1;0.01;0.99
14;42;53;1;0.01;0.98
14;42;54;-1;0.02;0.99
14;42;55;1;0.02;1
14;42;56;0;0.01;0.98
14;43;53;1;0.01;0.99
14;43;54;0;0.02;1
14;43;55;-1;0.03;0.98
14;43;56;0;0;0.99
14;44;53;1;0.01;0.99
14;44;54;0;0.01;0.99
14;44;55;-1;0.02;0.99
14;44;56;1;0;0.99
14;45;53;1;0;0.99
14;45;54;0;0.01;0.99
14;45;55;0;0;1
14;45;56;-1;0;1
14;46;53;1;0.01;0.98
14;46;54;0;0.02;0.98
14;46;55;0;0.01;0.99
14;46;56;1;0.01;0.99
14;47;53;1;0.01;0.99
14;47;54;0;0.02;0.99
14;47;55;1;0.01;0.99
14;47;56;-1;0.01;1
14;48;53;1;0;0.99
14;48;54;0;0.01;0.99
14;48;55;1;0;0.99
14;48;56;0;0.01;0.99
14;49;53;1;0.02;0.98
14;49;54;1;0.01;0.99
14;49;55;-1;0.01;0.99
14;49;56;0;0.01;0.99
14;50;53;1;0.01;0.98
14;50;54;1;0.01;0.99
14;50;55;-1;0.01;0.99
14;50;56;1;0.01;1
14;51;53;1;0.05;0.98
14;51;54;1;0.03;0.99
14;51;55;0;0.02;0.99
14;51;56;-1;0.02;0.99
14;52;53;1;0.01;0.99
14;52;54;1;0.02;0.97
14;52;55;0;0.01;0.99
14;52;56;1;0.02;0.98
14;53;53;1;0.01;0.99
14;53;54;1;0.01;0.99
14;53;55;1;0.01;0.99
14;53;56;-1;0.01;0.99
14;54;53;1;0.03;0.97
14;54;54;1;0.03;0.99
14;54;55;1;0.01;0.99
14;54;56;0;0.01;0.97
15;1;57;-1;0.07;0.9
15;1;58;-1;0.14;0.93
15;1;59;-1;0.18;0.63
15;1;60;0;0.05;0.87
15;2;57;-1;0.1;0.87
15;2;58;-1;0.13;0.92
15;2;59;-1;0.05;0.93
15;2;60;1;0.05;0.94
15;3;57;-1;0.27;0.94
15;3;58;-1;0.06;0.93
15;3;59;0;0.09;0.98
15;3;60;-1;0.09;0.96
15;4;57;-1;0.33;0.89
15;4;58;-1;0.05;0.96
15;4;59;0;0.08;0.97
15;4;60;1;0.1;0.95
15;5;57;-1;0.56;0.91
15;5;58;-1;0.07;0.93
15;5;59;1;0.12;0.93
15;5;60;-1;0.15;0.94
15;6;57;-1;0.14;0.75
15;6;58;-1;0.08;0.8
15;6;59;1;0.15;0.79
15;6;60;0;0.1;0.79
15;7;57;-1;0.02;0.93
15;7;58;0;0.13;0.92
15;7;59;-1;0.05;0.96
15;7;60;0;0.05;0.96
15;8;57;-1;0.06;0.9
15;8;58;0;0.02;0.97
15;8;59;-1;0.03;0.97
15;8;60;1;0.08;0.93
15;9;57;-1;0.01;0.97
15;9;58;0;0.01;0.97
15;9;59;0;0.04;0.95
15;9;60;-1;0.04;0.96
15;10;57;-1;0.18;0.74
15;10;58;0;0.05;0.93
15;10;59;0;0.05;0.94
15;10;60;1;0.04;0.85
15;11;57;-1;0.1;0.84
15;11;58;0;0.06;0.92
15;11;59;1;0.02;0.93
15;11;60;-1;0.05;0.97
15;12;57;-1;0.07;0.91
15;12;58;0;0.03;0.96
15;12;59;1;0.02;0.92
15;12;60;0;0.07;0.89
15;13;57;-1;0.11;0.78
15;13;58;1;0.06;0.86
15;13;59;-1;0.06;0.83
15;13;60;0;0.14;0.79
15;14;57;-1;0.07;0.96
15;14;58;1;0.03;0.96
15;14;59;-1;0.02;0.93
15;14;60;1;0.07;0.94
15;15;57;-1;0.3;0.9
15;15;58;1;0.13;0.94
15;15;59;0;0.1;0.87
15;15;60;-1;0.03;0.79
15;16;57;-1;0.13;0.73
15;16;58;1;0.1;0.96
15;16;59;0;0.11;0.89
15;16;60;1;0.1;0.79
15;17;57;-1;0.49;0.39
15;17;58;1;0.14;0.95
15;17;59;1;0.14;0.91
15;17;60;-1;0.08;0.92
15;18;57;-1;0.08;0.94
15;18;58;1;0.05;0.88
15;18;59;1;0.2;0.84
15;18;60;0;0.11;0.93
15;19;57;0;0.08;0.91
15;19;58;-1;0.04;0.95
15;19;59;-1;0.03;0.94
15;19;60;0;0.05;0.87
15;20;57;0;0.08;0.89
15;20;58;-1;0.05;0.94
15;20;59;-1;0.06;0.9
15;20;60;1;0.05;0.95
15;21;57;0;0.05;0.92
15;21;58;-1;0.05;0.98
15;21;59;0;0.02;0.95
15;21;60;-1;0.06;0.93
15;22;57;0;0.14;0.84
15;22;58;-1;0.08;0.94
15;22;59;0;0.09;0.83
15;22;60;1;0.08;0.9
15;23;57;0;0.09;0.86
15;23;58;-1;0.03;0.94
15;23;59;1;0.02;0.91
15;23;60;-1;0.05;0.89
15;24;57;0;0.14;0.92
15;24;58;-1;0.03;0.9
15;24;59;1;0.04;0.84
15;24;60;0;0.07;0.9
15;25;57;0;0.08;0.87
15;25;58;0;0.04;0.96
15;25;59;-1;0.03;0.95
15;25;60;0;0.03;0.92
15;26;57;0;0.24;0.6
15;26;58;0;0.08;0.85
15;26;59;-1;0.11;0.7
15;26;60;1;0.07;0.88
15;27;57;0;0.13;0.72
15;27;58;0;0.06;0.87
15;27;59;0;0.09;0.88
15;27;60;-1;0.12;0.74
15;28;57;0;0.32;0.96
15;28;58;0;0.08;0.93
15;28;59;0;0.13;0.95
15;28;60;1;0.13;0.95
15;29;57;0;0.42;0.33
15;29;58;0;0.16;0.94
15;29;59;1;0.17;0.91
15;29;60;-1;0.11;0.93
15;30;57;0;0.19;0.77
15;30;58;0;0.1;0.97
15;30;59;1;0.07;0.93
15;30;60;0;0.1;0.76
15;31;57;0;0.05;0.92
15;31;58;1;0.04;0.9
15;31;59;-1;0.04;0.96
15;31;60;0;0.06;0.91
15;32;57;0;0.05;0.92
15;32;58;1;0.05;0.92
15;32;59;-1;0.04;0.94
15;32;60;1;0.04;0.96
15;33;57;0;0.05;0.88
15;33;58;1;0.05;0.92
15;33;59;0;0.08;0.83
15;33;60;-1;0.09;0.92
15;34;57;0;0.09;0.85
15;34;58;1;0.06;0.96
15;34;59;0;0.05;0.89
15;34;60;1;0.04;0.93
15;35;57;0;0.1;0.83
15;35;58;1;0.06;0.95
15;35;59;1;0.03;0.97
15;35;60;-1;0.02;0.91
15;36;57;0;0.61;0.72
15;36;58;1;0.14;0.83
15;36;59;1;0.08;0.71
15;36;60;0;0.09;0.78
15;37;57;1;0.08;0.94
15;37;58;-1;0.07;0.79
15;37;59;-1;0.05;0.92
15;37;60;0;0.21;0.74
15;38;57;1;0.03;0.93
15;38;58;-1;0.03;0.97
15;38;59;-1;0.05;0.89
15;38;60;1;0.05;0.9
15;39;57;1;0.07;0.83
15;39;58;-1;0.08;0.84
15;39;59;0;0.06;0.86
15;39;60;-1;0.18;0.64
15;40;57;1;0.05;0.95
15;40;58;-1;0.06;0.94
15;40;59;0;0.21;0.68
15;40;60;1;0.07;0.94
15;41;57;1;0.12;0.75
15;41;58;-1;0.1;0.95
15;41;59;1;0.07;0.9
15;41;60;-1;0.22;0.68
15;42;57;1;0.04;0.91
15;42;58;-1;0.07;0.86
15;42;59;1;0.04;0.9
15;42;60;0;0.07;0.9
15;43;57;1;0.1;0.95
15;43;58;0;0.06;0.92
15;43;59;-1;0.03;0.9
15;43;60;0;0.16;0.82
15;44;57;1;0.08;0.95
15;44;58;0;0.18;0.93
15;44;59;-1;0.03;0.92
15;44;60;1;0.04;0.93
15;45;57;1;0.01;0.95
15;45;58;0;0.05;0.95
15;45;59;0;0.07;0.97
15;45;60;-1;0.03;0.93
15;46;57;1;0.05;0.87
15;46;58;0;0.09;0.93
15;46;59;0;0.22;0.87
15;46;60;1;0.07;0.88
15;47;57;1;0.03;0.92
15;47;58;0;0.04;0.96
15;47;59;1;0.09;0.84
15;47;60;-1;0.08;0.87
15;48;57;1;0.15;0.73
15;48;58;0;0.09;0.91
15;48;59;1;0.07;0.84
15;48;60;0;0.03;0.87
15;49;57;1;0.06;0.93
15;49;58;1;0.11;0.96
15;49;59;-1;0.25;0.66
15;49;60;0;0.1;0.91
15;50;57;1;0.09;0.94
15;50;58;1;0.17;0.9
15;50;59;-1;0.04;0.84
15;50;60;1;0.02;0.87
15;51;57;1;0.05;0.93
15;51;58;1;0.07;0.92
15;51;59;0;0.1;0.87
15;51;60;-1;0.06;0.85
15;52;57;1;0.08;0.83
15;52;58;1;0.11;0.85
15;52;59;0;0.18;0.74
15;52;60;1;0.05;0.86
15;53;57;1;0.06;0.88
15;53;58;1;0.04;0.9
15;53;59;1;0.06;0.8
15;53;60;-1;0.2;0.71
15;54;57;1;0.09;0.94
15;54;58;1;0.21;0.86
15;54;59;1;0.04;0.86
15;54;60;0;0.1;0.95